hsa00730,MLLRAAWRRAAVAVTAAPGPKPAAPTRGLRLRVGDRAPQSAVPADTAAASEVGPVLRPLYMDVQATTPLDPRVLDAMLPYLINYYGNPHSRTHAYGWESEAAMERARQQVASLIGADPREIIFTSGATESNNIAIKGVARFYRSRKKHLITTQTEHKCVLDSCRSLEAEGFQVTYLPVQKSGIIDLKELEAAIQPDTSLVSVMTVNNEIGVKQPIAEIGRICSSRKVYFHTDAAQAVGKIPLDVNDMKIDLMSISGHKIYGPKGVGAIYIRRRPRVRVEALQSGGGQERGMRSGTVPTPLVVGLGAACEVAQQEMEYDHKRISKLSERLIQNIMKSLPDVVMNGDPKHHYPGCINLSFAYVEGESLLMALKDVALSSGSACTSASLEPSYVLRAIGTDEDLAHSSIRFGIGRFTTEEEVDYTVEKCIQHVKRLREMSPLWEMVQDGIDLKSIKWTQH
hsa00730,MLLRAAWRRAAVAVTAAPGPKPAAPTRGLRLRVGDRAPQSAVPADTAAAPEVGPVLRPLYMDVQATTPLDPRVLDAMLPYLINYYGNPHSRTHAYGWESEAAMERARQQVASLIGADPREIIFTSGATESNNIAIKGVARFYRSRKKHLITTQTEHKCVLDSCRSLEAEGFQVTYLPVQKSGIIDLKELEAAIQPDTSLVSVMTVNNEIGVKQPIAEIGRICSSRKVYFHTDAAQAVGKIPLDVNDMKIDLMSISGHKIYGPKGVGAIYIRRRPRVRVEALQSGGGQERGMRSGTVPTPLVVGLGAACEVAQQEMEYDHKRISKLSERLIQNIMKSLPDVVMNGDPKHHYPGCINLSFAYVEGESLLMALKDVALSSGSACTSASLEPSYVLRAIGTDEDLAHSSIRFGIGRFTTEEEVDYTVEKCIQHVKRLREMSPLWEMVQDGIDLKSIKWTQH
hsa00730,MARHVFLTGPPGVGKTTLIHKASEVLKSSGVPVDGFYTEEVRQGGRRIGFDVVTLSGTRGPLSRVGLEPPPGKRECRVGQYVVDLTSFEQLALPVLRNADCSSGPGQRVCVIDEIGKMELFSQLFIQAVRQTLSTPGTIILGTIPVPKGKPLALVEEIRNRKDVKVFNVTKENRNHLLPDIVTCVQSSRK
hsa00730,MARHVFLTGPPGVGKTTLIHKASEVLKSSGVPVDGFYTEEVRQGGRRIGFDVVTLSGTRGPLSRVGLEPPPGKRECRVGQYVVDLTSFEQLALPVLRNADCSSGPGQRVCVIDEIGKMELFSQLFIQAVRQTLSTPGTIILGTIPVPKGKPLALVEEIRNRKDVKVFNVTKENRNHLLPDIVTCVQSSRK
hsa00730,MEHAFTPLEPLLSTGNLKYCLVILNQPLDNYFRHLWNKALLRACADGGANRLYDITEGERESFLPEFINGDFDSIRPEVREYYATKGCELISTPDQDHTDFTKCLKMLQKKIEEKDLKGKHRLHVDTGMEGDWCGLIPVGQPCMQVTTTGLKWNLTNDVLAFGTLVSTSNTYDGSGVVTVETDHPLLWTMAIKS
hsa00730,MEHAFTPLEPLLSTGNLKYCLVILNQPLDNYFRHLWNKALLRACADGGANRLYDITEGERESFLPEFINGDFDSIRPEVREYYATKGCELISTPDQDHTDFTKCLKMLQKKIEEKDLKVDVIVTLGGLAGRFDQIMASVNTLFQATHITPFPIIIIQEESLIYLLQPGKHRLHVDTGMEGDWCGLIPVGQPCMQVTTTGLKWNLTNDVLAFGTLVSTSNTYDGSGVVTVETDHPLLWTMAIKS
hsa00730,MAQGLIEVERKFLPGPGTEERLQELGGTLEYRVTFRDTYYDTPELSLMQADHWLRRREDSGWELKCPGAAGVLGPHTEYKELTAEPTIVAQLCKVLRADGLGAGDVAAVLGPLGLQEVASFVTKRSAWKLVLLGADEEEPQLRVDLDTADFGYAVGEVEALVHEEAEVPTALEKIHRLSSMLGVPAQETAPAKLIVYLQRFRPQDYQRLLEVNSSRERPQETEDPDHCLG
hsa04122,MLLRAAWRRAAVAVTAAPGPKPAAPTRGLRLRVGDRAPQSAVPADTAAASEVGPVLRPLYMDVQATTPLDPRVLDAMLPYLINYYGNPHSRTHAYGWESEAAMERARQQVASLIGADPREIIFTSGATESNNIAIKGVARFYRSRKKHLITTQTEHKCVLDSCRSLEAEGFQVTYLPVQKSGIIDLKELEAAIQPDTSLVSVMTVNNEIGVKQPIAEIGRICSSRKVYFHTDAAQAVGKIPLDVNDMKIDLMSISGHKIYGPKGVGAIYIRRRPRVRVEALQSGGGQERGMRSGTVPTPLVVGLGAACEVAQQEMEYDHKRISKLSERLIQNIMKSLPDVVMNGDPKHHYPGCINLSFAYVEGESLLMALKDVALSSGSACTSASLEPSYVLRAIGTDEDLAHSSIRFGIGRFTTEEEVDYTVEKCIQHVKRLREMSPLWEMVQDGIDLKSIKWTQH
hsa04122,MLLRAAWRRAAVAVTAAPGPKPAAPTRGLRLRVGDRAPQSAVPADTAAAPEVGPVLRPLYMDVQATTPLDPRVLDAMLPYLINYYGNPHSRTHAYGWESEAAMERARQQVASLIGADPREIIFTSGATESNNIAIKGVARFYRSRKKHLITTQTEHKCVLDSCRSLEAEGFQVTYLPVQKSGIIDLKELEAAIQPDTSLVSVMTVNNEIGVKQPIAEIGRICSSRKVYFHTDAAQAVGKIPLDVNDMKIDLMSISGHKIYGPKGVGAIYIRRRPRVRVEALQSGGGQERGMRSGTVPTPLVVGLGAACEVAQQEMEYDHKRISKLSERLIQNIMKSLPDVVMNGDPKHHYPGCINLSFAYVEGESLLMALKDVALSSGSACTSASLEPSYVLRAIGTDEDLAHSSIRFGIGRFTTEEEVDYTVEKCIQHVKRLREMSPLWEMVQDGIDLKSIKWTQH
hsa04122,MASPQLCRALVSAQWVAEALRAPRAGQPLQLLDASWYLPKLGRDARREFEERHIPGAAFFDIDQCSDRTSPYDHMLPGAEHFAEYAGRLGVGAATHVVIYDASDQGLYSAPRVWWMFRAFGHHAVSLLDGGLRHWLRQNLPLSSGKSQPAPAEFRAQLDPAFIKTYEDIKENLESRRFQVVDSRATGRFRGTEPEPRDGIEPGHIPGTVNIPFTDFLSQEGLEKSPEEIRHLFQEKKVDLSKPLVATCGSGVTACHVALGAYLCGKPDVPIYDGSWVEWYMRARPEDVISEGRGKTH
hsa04122,MVHQVLYRALVSTKWLAESIRTGKLGPGLRVLDASWYSPGTREARKEYLERHVPGASFFDIEECRDTASPYEMMLPSEAGFAEYVGRLGISNHTHVVVYDGEHLGSFYAPRVWWMFRVFGHRTVSVLNGGFRNWLKEGHPVTSEPSRPEPAVFKATLDRSLLKTYEQVLENLESKRFQLVDSRSQGRFLGTEPEPDAVGLDSGHIRGAVNMPFMDFLTEDGFEKGPEELRALFQTKKVDLSQPLIATCRKGVTACHVALAAYLCGKPDVAVYDGSWSEWFRRAPPESRVSQGKSEKA
hsa04122,MAAPLSVEVEFGGGAELLFDGIKKHRVTLPGQEEPWDIRNLLIWIKKNLLKERPELFIQGDSVRPGILVLINDADWELLGELDYQLQDQDSVLFISTLHGG
hsa04122,MASREEVLALQAEVAQREEELNSLKQKLASALLAEQEPQPERLVPVSPLPPKAALSRDEILRYSRQLVLPELGVHGQLRLGTACVLIVGCGGLGCPLAQYLAAAGVGRLGLVDYDVVEMSNLARQVLHGEALAGQAKAFSAAASLRRLNSAVECVPYTQALTPATALDLVRRYDVVADCSDNVPTRYLVNDACVLAGRPLVSASALRFEGQITVYHYDGGPCYRCIFPQPPPAETVTNCADGGVLGVVTGVLGCLQALEVLKIAAGLGPSYSGSLLLFDALRGHFRSIRLRSRRLDCAACGERPTVTDLLDYEAFCGSSATDKCRSLQLLSPEERVSVTDYKRLLDSGAFHLLLDVRPQVEVDICRLPHALHIPLKHLERRDAESLKLLKEAIWEEKQGTQEGAAVPIYVICKLGNDSQKAVKILQSLSAAQELDPLTVRDVVGGLMAWAAKIDGTFPQY
hsa04122,MPAPPCASCHAARAALRRPLSGQALCGACFCAAFEAEVLHTVLAGRLLPPGAVVAVGASGGKDSTVLAHVLRALAPRLGISLQLVAVDEGIGGYRDAALAAVRRQAARWELPLTVVAYEDLFGGWTMDAVARSTAGSGRSRSCCTFCGVLRRRALEEGARRVGATHIVTGHNADDMAETVLMNFLRGDAGRLARGGGLGSPGEGGALPRCRPLQFASQKEVVLYAHFRRLDYFSEECVYAPEAFRGHARDLLKRLEAARPSAVLDLVHSAERLALAPAARPPRPGACSRCGALASRALCQACALLDGLNRGRPRLAIGKGRRGLDEEATPGTPGDPARPPASKAVPTF
hsa04122,MCQVGEDYGEPAPEEPPPAPRPSREQKCVKCKEAQPVVVIRAGDAFCRDCFKAFYVHKFRAMLGKNRLIFPGEKVLLAWSGGPSSSSMVWQVLEGLSQDSAKRLRFVAGVIFVDEGAACGQSLEERSKTLAEVKPILQATGFPWHVVALEEVFSLPPSVLWCSAQELVGSEGAYKAAVDSFLQQQHVLGAGGGPGPTQGEEQPPQPPLDPQNLARPPAPAQTEALSQLFCSVRTLTAKEELLQTLRTHLILHMARAHGYSKVMTGDSCTRLAIKLMTNLALGRGAFLAWDTGFSDERHGDVVVVRPMRDHTLKEVAFYNRLFSVPSVFTPAVDTKAPEKASIHRLMEAFILRLQTQFPSTVSTVYRTSEKLVKGPRDGPAAGDSGPRCLLCMCALDVDAADSATAFGAQTSSRLSQMQSPIPLTETRTPPGPCCSPGVGWAQRCGQGACRREDPQACIEEQLCYSCRVNMKDLPSLDPLPPYILAEAQLRTQRAWGLQEIRDCLIEDSDDEAGQS
hsa04122,MQALRHVVCALSGGVDSAVAALLLRRRGYQVTGVFMKNWDSLDEHGVCTADKDCEDAYRVCQILDIPFHQVSYVKEYWNDVFRGRCHCHRSLCKNFPGR
hsa04122,MSSLEISSSCFSLETKLPLSPPLVEDSAFEPSRKDMDEVEEKSKDVINFTAEKLSVDEVSQLVISPLCGAISLFVGTTRNNFEGKKVISLEYEAYLPMAENEVRKICSDIRQKWPVKHIAVFHRLGLVPVSEASIIIAVSSAHRAASLEAVSYAIDTLKAKVPIWKKEIYEESSTWKGNKECFWASNS
hsa04122,MSSLEISSSCFSLETKLPLSPPLVEDSAFEPSRKDMDEVEEKSKDVINFTAEKLSVDEVSQLVISPLCGAISLFVGTTRNNFEGKKVISLEYEAYLPMAENEVRKICSDIRQKWPVKHIAVFHRLGLVPVSEASIIIAVSSAHRAASLEAVSYAIDTLKAKVPIWKKEIYEESSTWKGNKECFWASNS
hsa04122,MAARPLSRMLRRLLRSSARSCSSGAPVTQPCPGESARAASEEVSRRRQFLREHAAPFSAFLTDSFGRQHSYLRISLTEKCNLRCQYCMPEEGVPLTPKANLLTTEEILTLARLFVKEGIDKIRLTGGEPLIRPDVVDIVAQLQRLEGLRTIGVTTNGINLARLLPQLQKAGLSAINISLDTLVPAKFEFIVRRKGFHKVMEGIHKAIELGYNPVKVNCVVMRGLNEDELLDFAALTEGLPLDVRFIEYMPFDGNKWNFKKMVSYKEMLDTVRQQWPELEKVPEEESSTAKAFKIPGFQGQISFITSMSEHFCGTCNRLRITADGNLKVCLFGNSEVSLRDHLRAGASEQELLRIIGAAVGRKKRQHAGMFSISQMKNRPMILIGG
hsa04122,MAARPLSRMLRRLLRSSARSCSSGAPVTQPCPGESARAASEEVSRRRQFLREHAAPFSAFLTDSFGRQHSYLRISLTEKCNLRCQYCMPEEGVPLTPKANLLTTEEILTLARLFVKEGIDKIRLTGGEPLIRPDVVDIVAQLQRLEGLRTIGVTTNGINLARLLPQLQKAGLSAINISLDTLVPAKFEFIVRRKGFHKVMEGIHKAIELGYNPVKVNCVVMRGLNEDELLDFAALTEGLPLDVRFIEYMPFDGNKWNFKKMVSYKEMLDTVRQQWPELEKVPEEESSTAKAFKIPGFQGQISFITSMSEHFCGTCNRLRITADGNLKVCLFGNSEVSLRDHLRAGASEQELLRIIGAAVGRKKRQHAGMFSISQMKNRPMILIELFLMFPNSPPANPSIFSWDPLHVQGLRPRMSFSSQVATLWKGCRVPQTPPLAQQRLGSGSFQRHYTSRADSDANSKCLSPGSWASAAPSGPQLTSEQLTHVDSEGRAAMVDVGRKPDTERVAVASAVVLLGPVAFKLVQQNQLKKGDALVVAQLAGVQAAKVTSQLIPLCHHVALSHIQVQLELDSTRHAVKIQASCRARGPTGVEMEALTSAAVAALTLYDMCKAVSRDIVLEEIKLISKTGGQRGDFHRA
