Q53FP3,MLLRAAWRRAAVAVTAAPGPKPAAPTRGLRLRVGDRAPQSAVPADTAAASEVGPVLRPLYMDVQATTPLDPRVLDAMLPYLINYYGNPHSRTHAYGWESEAAMERARQQVASLIGADPREIIFTSGATESNNIAIKGVARFYRSRKKHLITTQTEHKCVLDSCRSLEAEGFQVTYLPVQKSGIIDLKELEAAIQPDTSLVSVMTVNNEIGVKQPIAEIGRICSSRKVYFHTDAAQAVGKIPLDVNDMKIDLMSISGHKIYGPKGVGAIYIRRRPRVRVEALQSGGGQERGMRSGTVPTPLVVGLGAACEVAQQEMEYDHKRISKLSERLIQNIMKSLPDVVMNGDPKHHYPGCINLSFAYVEGESLLMALKDVALSSGSACTSASLEPSYVLRAIGTDEDLAHSSIRFGIGRFTTEEEVDYTVEKCIQHVKRLREMSPLWEMVQDGIDLKSIKWTQH
Q9Y697,MLLRAAWRRAAVAVTAAPGPKPAAPTRGLRLRVGDRAPQSAVPADTAAAPEVGPVLRPLYMDVQATTPLDPRVLDAMLPYLINYYGNPHSRTHAYGWESEAAMERARQQVASLIGADPREIIFTSGATESNNIAIKGVARFYRSRKKHLITTQTEHKCVLDSCRSLEAEGFQVTYLPVQKSGIIDLKELEAAIQPDTSLVSVMTVNNEIGVKQPIAEIGRICSSRKVYFHTDAAQAVGKIPLDVNDMKIDLMSISGHKIYGPKGVGAIYIRRRPRVRVEALQSGGGQERGMRSGTVPTPLVVGLGAACEVAQQEMEYDHKRISKLSERLIQNIMKSLPDVVMNGDPKHHYPGCINLSFAYVEGESLLMALKDVALSSGSACTSASLEPSYVLRAIGTDEDLAHSSIRFGIGRFTTEEEVDYTVEKCIQHVKRLREMSPLWEMVQDGIDLKSIKWTQH
Q5TDE9,MARHVFLTGPPGVGKTTLIHKASEVLKSSGVPVDGFYTEEVRQGGRRIGFDVVTLSGTRGPLSRVGLEPPPGKRECRVGQYVVDLTSFEQLALPVLRNADCSSGPGQRVCVIDEIGKMELFSQLFIQAVRQTLSTPGTIILGTIPVPKGKPLALVEEIRNRKDVKVFNVTKENRNHLLPDIVTCVQSSRK
Q9BSD7,MARHVFLTGPPGVGKTTLIHKASEVLKSSGVPVDGFYTEEVRQGGRRIGFDVVTLSGTRGPLSRVGLEPPPGKRECRVGQYVVDLTSFEQLALPVLRNADCSSGPGQRVCVIDEIGKMELFSQLFIQAVRQTLSTPGTIILGTIPVPKGKPLALVEEIRNRKDVKVFNVTKENRNHLLPDIVTCVQSSRK
F5GZG6,MEHAFTPLEPLLSTGNLKYCLVILNQPLDNYFRHLWNKALLRACADGGANRLYDITEGERESFLPEFINGDFDSIRPEVREYYATKGCELISTPDQDHTDFTKCLKMLQKKIEEKDLKGKHRLHVDTGMEGDWCGLIPVGQPCMQVTTTGLKWNLTNDVLAFGTLVSTSNTYDGSGVVTVETDHPLLWTMAIKS
Q9H3S4,MEHAFTPLEPLLSTGNLKYCLVILNQPLDNYFRHLWNKALLRACADGGANRLYDITEGERESFLPEFINGDFDSIRPEVREYYATKGCELISTPDQDHTDFTKCLKMLQKKIEEKDLKVDVIVTLGGLAGRFDQIMASVNTLFQATHITPFPIIIIQEESLIYLLQPGKHRLHVDTGMEGDWCGLIPVGQPCMQVTTTGLKWNLTNDVLAFGTLVSTSNTYDGSGVVTVETDHPLLWTMAIKS
Q9BU02,MAQGLIEVERKFLPGPGTEERLQELGGTLEYRVTFRDTYYDTPELSLMQADHWLRRREDSGWELKCPGAAGVLGPHTEYKELTAEPTIVAQLCKVLRADGLGAGDVAAVLGPLGLQEVASFVTKRSAWKLVLLGADEEEPQLRVDLDTADFGYAVGEVEALVHEEAEVPTALEKIHRLSSMLGVPAQETAPAKLIVYLQRFRPQDYQRLLEVNSSRERPQETEDPDHCLG
Q53FP3,MLLRAAWRRAAVAVTAAPGPKPAAPTRGLRLRVGDRAPQSAVPADTAAASEVGPVLRPLYMDVQATTPLDPRVLDAMLPYLINYYGNPHSRTHAYGWESEAAMERARQQVASLIGADPREIIFTSGATESNNIAIKGVARFYRSRKKHLITTQTEHKCVLDSCRSLEAEGFQVTYLPVQKSGIIDLKELEAAIQPDTSLVSVMTVNNEIGVKQPIAEIGRICSSRKVYFHTDAAQAVGKIPLDVNDMKIDLMSISGHKIYGPKGVGAIYIRRRPRVRVEALQSGGGQERGMRSGTVPTPLVVGLGAACEVAQQEMEYDHKRISKLSERLIQNIMKSLPDVVMNGDPKHHYPGCINLSFAYVEGESLLMALKDVALSSGSACTSASLEPSYVLRAIGTDEDLAHSSIRFGIGRFTTEEEVDYTVEKCIQHVKRLREMSPLWEMVQDGIDLKSIKWTQH
Q9Y697,MLLRAAWRRAAVAVTAAPGPKPAAPTRGLRLRVGDRAPQSAVPADTAAAPEVGPVLRPLYMDVQATTPLDPRVLDAMLPYLINYYGNPHSRTHAYGWESEAAMERARQQVASLIGADPREIIFTSGATESNNIAIKGVARFYRSRKKHLITTQTEHKCVLDSCRSLEAEGFQVTYLPVQKSGIIDLKELEAAIQPDTSLVSVMTVNNEIGVKQPIAEIGRICSSRKVYFHTDAAQAVGKIPLDVNDMKIDLMSISGHKIYGPKGVGAIYIRRRPRVRVEALQSGGGQERGMRSGTVPTPLVVGLGAACEVAQQEMEYDHKRISKLSERLIQNIMKSLPDVVMNGDPKHHYPGCINLSFAYVEGESLLMALKDVALSSGSACTSASLEPSYVLRAIGTDEDLAHSSIRFGIGRFTTEEEVDYTVEKCIQHVKRLREMSPLWEMVQDGIDLKSIKWTQH
P25325,MASPQLCRALVSAQWVAEALRAPRAGQPLQLLDASWYLPKLGRDARREFEERHIPGAAFFDIDQCSDRTSPYDHMLPGAEHFAEYAGRLGVGAATHVVIYDASDQGLYSAPRVWWMFRAFGHHAVSLLDGGLRHWLRQNLPLSSGKSQPAPAEFRAQLDPAFIKTYEDIKENLESRRFQVVDSRATGRFRGTEPEPRDGIEPGHIPGTVNIPFTDFLSQEGLEKSPEEIRHLFQEKKVDLSKPLVATCGSGVTACHVALGAYLCGKPDVPIYDGSWVEWYMRARPEDVISEGRGKTH
Q16762,MVHQVLYRALVSTKWLAESIRTGKLGPGLRVLDASWYSPGTREARKEYLERHVPGASFFDIEECRDTASPYEMMLPSEAGFAEYVGRLGISNHTHVVVYDGEHLGSFYAPRVWWMFRVFGHRTVSVLNGGFRNWLKEGHPVTSEPSRPEPAVFKATLDRSLLKTYEQVLENLESKRFQLVDSRSQGRFLGTEPEPDAVGLDSGHIRGAVNMPFMDFLTEDGFEKGPEELRALFQTKKVDLSQPLIATCRKGVTACHVALAAYLCGKPDVAVYDGSWSEWFRRAPPESRVSQGKSEKA
Q9BTM9,MAAPLSVEVEFGGGAELLFDGIKKHRVTLPGQEEPWDIRNLLIWIKKNLLKERPELFIQGDSVRPGILVLINDADWELLGELDYQLQDQDSVLFISTLHGG
O95396,MASREEVLALQAEVAQREEELNSLKQKLASALLAEQEPQPERLVPVSPLPPKAALSRDEILRYSRQLVLPELGVHGQLRLGTACVLIVGCGGLGCPLAQYLAAAGVGRLGLVDYDVVEMSNLARQVLHGEALAGQAKAFSAAASLRRLNSAVECVPYTQALTPATALDLVRRYDVVADCSDNVPTRYLVNDACVLAGRPLVSASALRFEGQITVYHYDGGPCYRCIFPQPPPAETVTNCADGGVLGVVTGVLGCLQALEVLKIAAGLGPSYSGSLLLFDALRGHFRSIRLRSRRLDCAACGERPTVTDLLDYEAFCGSSATDKCRSLQLLSPEERVSVTDYKRLLDSGAFHLLLDVRPQVEVDICRLPHALHIPLKHLERRDAESLKLLKEAIWEEKQGTQEGAAVPIYVICKLGNDSQKAVKILQSLSAAQELDPLTVRDVVGGLMAWAAKIDGTFPQY
Q7Z7A3,MPAPPCASCHAARAALRRPLSGQALCGACFCAAFEAEVLHTVLAGRLLPPGAVVAVGASGGKDSTVLAHVLRALAPRLGISLQLVAVDEGIGGYRDAALAAVRRQAARWELPLTVVAYEDLFGGWTMDAVARSTAGSGRSRSCCTFCGVLRRRALEEGARRVGATHIVTGHNADDMAETVLMNFLRGDAGRLARGGGLGSPGEGGALPRCRPLQFASQKEVVLYAHFRRLDYFSEECVYAPEAFRGHARDLLKRLEAARPSAVLDLVHSAERLALAPAARPPRPGACSRCGALASRALCQACALLDGLNRGRPRLAIGKGRRGLDEEATPGTPGDPARPPASKAVPTF
Q2VPK5,MCQVGEDYGEPAPEEPPPAPRPSREQKCVKCKEAQPVVVIRAGDAFCRDCFKAFYVHKFRAMLGKNRLIFPGEKVLLAWSGGPSSSSMVWQVLEGLSQDSAKRLRFVAGVIFVDEGAACGQSLEERSKTLAEVKPILQATGFPWHVVALEEVFSLPPSVLWCSAQELVGSEGAYKAAVDSFLQQQHVLGAGGGPGPTQGEEQPPQPPLDPQNLARPPAPAQTEALSQLFCSVRTLTAKEELLQTLRTHLILHMARAHGYSKVMTGDSCTRLAIKLMTNLALGRGAFLAWDTGFSDERHGDVVVVRPMRDHTLKEVAFYNRLFSVPSVFTPAVDTKAPEKASIHRLMEAFILRLQTQFPSTVSTVYRTSEKLVKGPRDGPAAGDSGPRCLLCMCALDVDAADSATAFGAQTSSRLSQMQSPIPLTETRTPPGPCCSPGVGWAQRCGQGACRREDPQACIEEQLCYSCRVNMKDLPSLDPLPPYILAEAQLRTQRAWGLQEIRDCLIEDSDDEAGQS
Q2PPL5,MQALRHVVCALSGGVDSAVAALLLRRRGYQVTGVFMKNWDSLDEHGVCTADKDCEDAYRVCQILDIPFHQVSYVKEYWNDVFRGRCHCHRSLCKNFPGR
A0A024QZS1,MSSLEISSSCFSLETKLPLSPPLVEDSAFEPSRKDMDEVEEKSKDVINFTAEKLSVDEVSQLVISPLCGAISLFVGTTRNNFEGKKVISLEYEAYLPMAENEVRKICSDIRQKWPVKHIAVFHRLGLVPVSEASIIIAVSSAHRAASLEAVSYAIDTLKAKVPIWKKEIYEESSTWKGNKECFWASNS
O96007,MSSLEISSSCFSLETKLPLSPPLVEDSAFEPSRKDMDEVEEKSKDVINFTAEKLSVDEVSQLVISPLCGAISLFVGTTRNNFEGKKVISLEYEAYLPMAENEVRKICSDIRQKWPVKHIAVFHRLGLVPVSEASIIIAVSSAHRAASLEAVSYAIDTLKAKVPIWKKEIYEESSTWKGNKECFWASNS
A0A024RD17,MAARPLSRMLRRLLRSSARSCSSGAPVTQPCPGESARAASEEVSRRRQFLREHAAPFSAFLTDSFGRQHSYLRISLTEKCNLRCQYCMPEEGVPLTPKANLLTTEEILTLARLFVKEGIDKIRLTGGEPLIRPDVVDIVAQLQRLEGLRTIGVTTNGINLARLLPQLQKAGLSAINISLDTLVPAKFEFIVRRKGFHKVMEGIHKAIELGYNPVKVNCVVMRGLNEDELLDFAALTEGLPLDVRFIEYMPFDGNKWNFKKMVSYKEMLDTVRQQWPELEKVPEEESSTAKAFKIPGFQGQISFITSMSEHFCGTCNRLRITADGNLKVCLFGNSEVSLRDHLRAGASEQELLRIIGAAVGRKKRQHAGMFSISQMKNRPMILIGG
Q9NZB8,MAARPLSRMLRRLLRSSARSCSSGAPVTQPCPGESARAASEEVSRRRQFLREHAAPFSAFLTDSFGRQHSYLRISLTEKCNLRCQYCMPEEGVPLTPKANLLTTEEILTLARLFVKEGIDKIRLTGGEPLIRPDVVDIVAQLQRLEGLRTIGVTTNGINLARLLPQLQKAGLSAINISLDTLVPAKFEFIVRRKGFHKVMEGIHKAIELGYNPVKVNCVVMRGLNEDELLDFAALTEGLPLDVRFIEYMPFDGNKWNFKKMVSYKEMLDTVRQQWPELEKVPEEESSTAKAFKIPGFQGQISFITSMSEHFCGTCNRLRITADGNLKVCLFGNSEVSLRDHLRAGASEQELLRIIGAAVGRKKRQHAGMFSISQMKNRPMILIELFLMFPNSPPANPSIFSWDPLHVQGLRPRMSFSSQVATLWKGCRVPQTPPLAQQRLGSGSFQRHYTSRADSDANSKCLSPGSWASAAPSGPQLTSEQLTHVDSEGRAAMVDVGRKPDTERVAVASAVVLLGPVAFKLVQQNQLKKGDALVVAQLAGVQAAKVTSQLIPLCHHVALSHIQVQLELDSTRHAVKIQASCRARGPTGVEMEALTSAAVAALTLYDMCKAVSRDIVLEEIKLISKTGGQRGDFHRA
