hsa00232,MALSQSVPFSATELLLASAIFCLVFWVLKGLRPRVPKGLKSPPEPWGWPLLGHVLTLGKNPHLALSRMSQRYGDVLQIRIGSTPVLVLSRLDTIRQALVRQGDDFKGRPDLYTSTLITDGQSLTFSTDSGPVWAARRRLAQNALNTFSIASDPASSSSCYLEEHVSKEAKALISRLQELMAGPGHFDPYNQVVVSVANVIGAMCFGQHFPESSDEMLSLVKNTHEFVETASSGNPLDFFPILRYLPNPALQRFKAFNQRFLWFLQKTVQEHYQDFDKNSVRDITGALFKHSKKGPRASGNLIPQEKIVNLVNDIFGAGFDTVTTAISWSLMYLVTKPEIQRKIQKELDTVIGRERRPRLSDRPQLPYLEAFILETFRHSSFLPFTIPHSTTRDTTLNGFYIPKKCCVFVNQWQVNHDPELWEDPSEFRPERFLTADGTAINKPLSEKMMLFGMGKRRCIGEVLAKWEIFLFLAILLQQLEFSVPPGVKVDLTPIYGLTMKHARCEHVQARRFSIN
hsa00232,MDIEAYFERIGYKNSRNKLDLETLTDILEHQIRAVPFENLNMHCGQAMELGLEAIFDHIVRRNRGGWCLQVNQLLYWALTTIGFQTTMLGGYFYIPPVNKYSTGMVHLLLQVTIDGRNYIVDAGSGSSSQMWQPLELISGKDQPQVPCIFCLTEERGIWYLDQIRREQYITNKEFLNSHLLPKKKHQKIYLFTLEPRTIEDFESMNTYLQTSPTSSFITTSFCSLQTPEGVYCLVGFILTYRKFNYKDNTDLVEFKTLTEEEVEEVLRNIFKISLGRNLVPKPGDGSLTI
hsa00232,MDIEAYFERIGYKNSRNKLDLETLTDILEHQIRAVPFENLNMHCGQAMELGLEAIFDHIVRRNRGGWCLQVNQLLYWALTTIGFQTTMLGGYFYIPPVNKYSTGMVHLLLQVTIDGRNYIVDAGSGSSSQMWQPLELISGKDQPQVPCIFCLTEERGIWYLDQIRREQYITNKEFLNSHLLPKKKHQKIYLFTLEPRTIEDFESMNTYLQTSPTSSFITTSFCSLQTPEGVYCLVGFILTYRKFNYKDNTDLVEFKTLTEEEVEEVLKNIFKISLGRNLVPKPGDGSLTI
hsa00232,MDIEAYLERIGYKKSRNKLDLETLTDILQHQIRAVPFENLNIHCGDAMDLGLEAIFDQVVRRNRGGWCLQVNHLLYWALTTIGFETTMLGGYVYSTPAKKYSTGMIHLLLQVTIDGRNYIVDAGFGRSYQMWQPLELISGKDQPQVPCVFRLTEENGFWYLDQIRREQYIPNEEFLHSDLLEDSKYRKIYSFTLKPRTIEDFESMNTYLQTSPSSVFTSKSFCSLQTPDGVHCLVGFTLTHRRFNYKDNTDLIEFKTLSEEEIEKVLKNIFNISLQRKLVPKHGDRFFTI
hsa00232,MLASGMLLVALLVCLTVMVLMSVWQQRKSKGKLPPGPTPLPFIGNYLQLNTEQMYNSLMKISERYGPVFTIHLGPRRVVVLCGHDAVREALVDQAEEFSGRGEQATFDWVFKGYGVVFSNGERAKQLRRFSIATLRDFGVGKRGIEERIQEEAGFLIDALRGTGGANIDPTFFLSRTVSNVISSIVFGDRFDYKDKEFLSLLRMMLGIFQFTSTSTGQLYEMFSSVMKHLPGPQQQAFQLLQGLEDFIAKKVEHNQRTLDPNSPRDFIDSFLIRMQEEEKNPNTEFYLKNLVMTTLNLFIGGTETVSTTLRYGFLLLMKHPEVEAKVHEEIDRVIGKNRQPKFEDRAKMPYMEAVIHEIQRFGDVIPMSLARRVKKDTKFRDFFLPKGTEVFPMLGSVLRDPSFFSNPQDFNPQHFLNEKGQFKKSDAFVPFSIGKRNCFGEGLARMELFLFFTTVMQNFRLKSSQSPKDIDVSPKHVGFATIPRNYTMSFLPR
hsa00232,MTADKLVFFVNGRKVVEKNADPETTLLAYLRRKLGLSGTKLGCGEGGCGACTVMLSKYDRLQNKIVHFSANACLAPICSLHHVAVTTVEGIGSTKTRLHPVQERIAKSHGSQCGFCTPGIVMSMYTLLRNQPEPTMEEIENAFQGNLCRCTGYRPILQGFRTFARDGGCCGGDGNNPNCCMNQKKDHSVSLSPSLFKPEEFTPLDPTQEPIFPPELLRLKDTPRKQLRFEGERVTWIQASTLKELLDLKAQHPDAKLVVGNTEIGIEMKFKNMLFPMIVCPAWIPELNSVEHGPDGISFGAACPLSIVEKTLVDAVAKLPAQKTEVFRGVLEQLRWFAGKQVKSVASVGGNIITASPISDLNPVFMASGAKLTLVSRGTRRTVQMDHTFFPGYRKTLLSPEEILLSIEIPYSREGEYFSAFKQASRREDDIAKVTSGMRVLFKPGTTEVQELALCYGGMANRTISALKTTQRQLSKLWKEELLQDVCAGLAEELHLPPDAPGGMVDFRCTLTLSFFFKFYLTVLQKLGQENLEDKCGKLDPTFASATLLFQKDPPADVQLFQEVPKGQSEEDMVGRPLPHLAADMQASGEAVYCDDIPRYENELSLRLVTSTRAHAKIKSIDTSEAKKVPGFVCFISADDVPGSNITGICNDETVFAKDKVTCVGHIIGAVVADTPEHTQRAAQGVKITYEELPAIITIEDAIKNNSFYGPELKIEKGDLKKGFSEADNVVSGEIYIGGQEHFYLETHCTIAVPKGEAGEMELFVSTQNTMKTQSFVAKMLGVPANRIVVRVKRMGGGFGGKETRSTVVSTAVALAAYKTGRPVRCMLDRDEDMLITGGRHPFLARYKVGFMKTGTVVALEVDHFSNVGNTQDLSQSIMERALFHMDNCYKIPNIRGTGRLCKTNLPSNTAFRGFGGPQGMLIAECWMSEVAVTCGMPAEEVRRKNLYKEGDLTHFNQKLEGFTLPRCWEECLASSQYHARKSEVDKFNKENCWKKRGLCIIPTKFGISFTVPFLNQAGALLHVYTDGSVLLTHGGTEMGQGLHTKMVQVASRALKIPTSKIYISETSTNTVPNTSPTAASVSADLNGQAVYAACQTILKRLEPYKKKNPSGSWEDWVTAAYMDTVSLSATGFYRTPNLGYSFETNSGNPFHYFSYGVACSEVEIDCLTGDHKNLRTDIVMDVGSSLNPAIDIGQVEGAFVQGLGLFTLEELHYSPEGSLHTRGPSTYKIPAFGSIPIEFRVSLLRDCPNKKAIYASKAVGEPPLFLAASIFFAIKDAIRAARAQHTGNNVKELFRLDSPATPEKIRNACVDKFTTLCVTGVPENCKPWSVRV
hsa00983,MATRSPGVVISDDEPGYDLDLFCIPNHYAEDLERVFIPHGLIMDRTERLARDVMKEMGGHHIVALCVLKGGYKFFADLLDYIKALNRNSDRSIPMTVDFIRLKSYCNDQSTGDIKVIGGDDLSTLTGKNVLIVEDIIDTGKTMQTLLSLVRQYNPKMVKVASLLVKRTPRSVGYKPDFVGFEIPDKFVVGYALDYNEYFRDLNHVCVISETGKAKYKA
hsa00983,"MDRLRRASMADYLISGGTGYVPEDGLTAQQLFASADGLTYNDFLILPGFIDFIADEVDLTSALTRKITLKTPLISSPMDTVTEADMAIAMALMGGIGFIHHNCTPEFQANEVRKVKKFEQGFITDPVVLSPSHTVGDVLEAKMRHGFSGIPITETGTMGSKLVGIVTSRDIDFLAEKDHTTLLSEVMTPRIELVVAPAGVTLKEANEILQRSKKGKLPIVNDCDELVAIIARTDLKKNRDYPLASKDSQKQLLCGAAVGTREDDKYRLDLLTQAGVDVIVLDSSQGNSVYQIAMVHYIKQKYPHLQVIGGNVVTAAQAKNLIDAGVDGLRVGMGCGSICITQEVMACGRPQGTAVYKVAEYARRFGVPIIADGGIQTVGHVVKALALGASTVMMGSLLAATTEAPGEYFFSDGVRLKKYRGMGSLDAMEKSSSSQKRYFSEGDKVKIAQGVSGSIQDKGSIQKFVPHLIAGIQHGCQDIGARSLSVLRSMMYSGELKFEKRTMSAQIEGGVHGLHSYEKRLY"""
hsa00983,"MADYLISGGTGYVPEDGLTAQQLFASADGLTYNDFLILPGFIDFIADEVDLTSALTRKITLKTPLISSPMDTVTEADMAIAMALMGGIGFIHHNCTPEFQANEVRKVKKFEQGFITDPVVLSPSHTVGDVLEAKMRHGFSGIPITETGTMGSKLVGIVTSRDIDFLAEKDHTTLLSEVMTPRIELVVAPAGVTLKEANEILQRSKKGKLPIVNDCDELVAIIARTDLKKNRDYPLASKDSQKQLLCGAAVGTREDDKYRLDLLTQAGVDVIVLDSSQGNSVYQIAMVHYIKQKYPHLQVIGGNVVTAAQAKNLIDAGVDGLRVGMGCGSICITQEVMACGRPQGTAVYKVAEYARRFGVPIIADGGIQTVGHVVKALALGASTVMMGSLLAATTEAPGEYFFSDGVRLKKYRGMGSLDAMEKSSSSQKRYFSEGDKVKIAQGVSGSIQDKGSIQKFVPYLIAGIQHGCQDIGARSLSVLRSMMYSGELKFEKRTMSAQIEGGVHGLHSYEKRLY"""
hsa00983,"MADYLISGGTSYVPDDGLTAQQLFNCGDGLTYNDFLILPGYIDFTADQVDLTSALTKKITLKTPLVSSPMDTVTEAGMAIAMALTGGIGFIHHNCTPEFQANEVRKVKKYEQGFITDPVVLSPKDRVRDVFEAKARHGFCGIPITDTGRMGSRLVGIISSRDIDFLKEEEHDCFLEEIMTKREDLVVAPAGITLKEANEILQRSKKGKLPIVNEDDELVAIIARTDLKKNRDYPLASKDAKKQLLCGAAIGTHEDDKYRLDLLAQAGVDVVVLDSSQGNSIFQINMIKYIKDKYPNLQVIGGNVVTAAQAKNLIDAGVDALRVGMGSGSICITQEVLACGRPQATAVYKVSEYARRFGVPVIADGGIQNVGHIAKALALGASTVMMGSLLAATTEAPGEYFFSDGIRLKKYRGMGSLDAMDKHLSSQNRYFSEADKIKVAQGVSGAVQDKGSIHKFVPYLIAGIQHSCQDIGAKSLTQVRAMMYSGELKFEKRTSSAQVEGGVHSLHSYEKRLF"""
hsa00983,MALCNGDSKLENAGGDLKDGHHHYEGAVVILDAGAQYGKVIDRRVRELFVQSEIFPLETPAFAIKEQGFRAIIISGGPNSVYAEDAPWFDPAIFTIGKPVLGICYGMQMMNKVFGGTVHKKSVREDGVFNISVDNTCSLFRGLQKEEVVLLTHGDSVDKVADGFKVVARSGNIVAGIANESKKLYGAQFHPEVGLTENGKVILKNFLYDIAGCSGTFTVQNRELECIREIKERVGTSKVLVLLSGGVDSTVCTALLNRALNQEQVIAVHIDNGFMRKRESQSVEEALKKLGIQVKVINAAHSFYNGTTTLPISDEDRTPRKRISKTLNMTTSPEEKRKIIGDTFVKIANEVIGEMNLKPEEVFLAQGTLRPDLIESASLVASGKAELIKTHHNDTELIRKLREEGKVIEPLKDFHKDEVRILGRELGLPEELVSRHPFPGPGLAIRVICAEEPYICKDFPETNNILKIVADFSASVKKPHTLLQRVKACTTEEDQEKLMQITSLHSLNAFLLPIKTVGVQGDCRSYSYVCGISSKDEPDWESLIFLARLIPRMCHNVNRVVYIFGPPVKEPPTDVTPTFLTTGVLSTLRQADFEAHNILRESGYAGKISQMPVILTPLHFDRDPLQKQPSCQRSVVIRTFITSDFMTGIPATPGNEIPVEVVLKMVTEIKKIPGISRIMYDLTSKPPGTTEWE
hsa00983,MDGTRTSLDIEEYSDTEVQKNQVLTLEEWQDKWVNGKTAFHQEQGHQLLKKHLDTFLKGKSGLRVFFPLCGKAVEMKWFADRGHSVVGVEISELGIQEFFTEQNLSYSEEPITEIPGTKVFKSSSGNISLYCCSIFDLPRTNIGKFDMIWDRGALVAINPGDRKCYADTMFSLLGKKFQYLLCVLSYDPTKHPGPPFYVPHAEIERLFGKICNIRCLEKVDAFEERHKSWGIDCLFEKLYLLTEK
hsa00983,MDGTRTSLDIEEYSDTEVQKNQVLTLEEWQDKWVNGKTAFHQEQGHQLLKKHLDTFLKGKSGLRVFFPLCGKAVEMKWFADRGHSVVGVEISELGIQEFFTEQNLSYSEEPITEIPGTKVFKSSSGNISLYCCSIFDLPRTNIGKFDMIWDRGALVAINPGDRKCYADTMFSLLGKKFQYLLCVLSYDPTKHPGPPFYVPHAEIERLFGKICNIRCLEKVDAFEERHKSWGIDCLFEKLYLLTEK
hsa00983,MTADKLVFFVNGRKVVEKNADPETTLLAYLRRKLGLSGTKLGCGEGGCGACTVMLSKYDRLQNKIVHFSANACLAPICSLHHVAVTTVEGIGSTKTRLHPVQERIAKSHGSQCGFCTPGIVMSMYTLLRNQPEPTMEEIENAFQGNLCRCTGYRPILQGFRTFARDGGCCGGDGNNPNCCMNQKKDHSVSLSPSLFKPEEFTPLDPTQEPIFPPELLRLKDTPRKQLRFEGERVTWIQASTLKELLDLKAQHPDAKLVVGNTEIGIEMKFKNMLFPMIVCPAWIPELNSVEHGPDGISFGAACPLSIVEKTLVDAVAKLPAQKTEVFRGVLEQLRWFAGKQVKSVASVGGNIITASPISDLNPVFMASGAKLTLVSRGTRRTVQMDHTFFPGYRKTLLSPEEILLSIEIPYSREGEYFSAFKQASRREDDIAKVTSGMRVLFKPGTTEVQELALCYGGMANRTISALKTTQRQLSKLWKEELLQDVCAGLAEELHLPPDAPGGMVDFRCTLTLSFFFKFYLTVLQKLGQENLEDKCGKLDPTFASATLLFQKDPPADVQLFQEVPKGQSEEDMVGRPLPHLAADMQASGEAVYCDDIPRYENELSLRLVTSTRAHAKIKSIDTSEAKKVPGFVCFISADDVPGSNITGICNDETVFAKDKVTCVGHIIGAVVADTPEHTQRAAQGVKITYEELPAIITIEDAIKNNSFYGPELKIEKGDLKKGFSEADNVVSGEIYIGGQEHFYLETHCTIAVPKGEAGEMELFVSTQNTMKTQSFVAKMLGVPANRIVVRVKRMGGGFGGKETRSTVVSTAVALAAYKTGRPVRCMLDRDEDMLITGGRHPFLARYKVGFMKTGTVVALEVDHFSNVGNTQDLSQSIMERALFHMDNCYKIPNIRGTGRLCKTNLPSNTAFRGFGGPQGMLIAECWMSEVAVTCGMPAEEVRRKNLYKEGDLTHFNQKLEGFTLPRCWEECLASSQYHARKSEVDKFNKENCWKKRGLCIIPTKFGISFTVPFLNQAGALLHVYTDGSVLLTHGGTEMGQGLHTKMVQVASRALKIPTSKIYISETSTNTVPNTSPTAASVSADLNGQAVYAACQTILKRLEPYKKKNPSGSWEDWVTAAYMDTVSLSATGFYRTPNLGYSFETNSGNPFHYFSYGVACSEVEIDCLTGDHKNLRTDIVMDVGSSLNPAIDIGQVEGAFVQGLGLFTLEELHYSPEGSLHTRGPSTYKIPAFGSIPIEFRVSLLRDCPNKKAIYASKAVGEPPLFLAASIFFAIKDAIRAARAQHTGNNVKELFRLDSPATPEKIRNACVDKFTTLCVTGVPENCKPWSVRV
hsa00983,MAASLVGKKIVFVTGNAKKLEEVVQILGDKFPCTLVAQKIDLPEYQGEPDEISIQKCQEAVRQVQGPVLVEDTCLCFNALGGLPGPYIKWFLEKLKPEGLHQLLAGFEDKSAYALCTFALSTGDPSQPVRLFRGRTSGRIVAPRGCQDFGWDPCFQPDGYEQTYAEMPKAEKNAVSHRFRALLELQEYFGSLAA
hsa00983,MWLRAFILATLSASAAWGHPSSPPVVDTVHGKVLGKFVSLEGFAQPVAIFLGIPFAKPPLGPLRFTPPQPAEPWSFVKNATSYPPMCTQDPKAGQLLSELFTNRKENIPLKLSEDCLYLNIYTPADLTKKNRLPVMVWIHGGGLMVGAASTYDGLALAAHENVVVVTIQYRLGIWGFFSTGDEHSRGNWGHLDQVAALRWVQDNIASFGGNPGSVTIFGESAGGESVSVLVLSPLAKNLFHRAISESGVALTSVLVKKGDVKPLAEQIAITAGCKTTTSAVMVHCLRQKTEEELLETTLKMKFLSLDLQGDPRESQPLLGTVIDGMLLLKTPEELQAERNFHTVPYMVGINKQEFGWLIPMQLMSYPLSEGQLDQKTAMSLLWKSYPLVCIAKELIPEATEKYLGGTDDTVKKKDLFLDLIADVMFGVPSVIVARNHRDAGAPTYMYEFQYRPSFSSDMKPKTVIGDHGDELFSVFGAPFLKEGASEEEIRLSKMVMKFWANFARNGNPNGEGLPHWPEYNQKEGYLQIGANTQAAQKLKDKEVAFWTNLFAKKAVEKPPQTEHIEL
hsa00983,MTAQSRSPTTPTFPGPSQRTPLTPCPVQTPRLGKALIHCWTDPGQPLGEQQRVRRQRTETSEPTMRLHRLRARLSAVACGLLLLLVRGQGQDSASPIRTTHTGQVLGSLVHVKGANAGVQTFLGIPFAKPPLGPLRFAPPEPPESWSGVRDGTTHPAMCLQDLTAVESEFLSQFNMTFPSDSMSEDCLYLSIYTPAHSHEGSNLPVMVWIHGGALVFGMASLYDGSMLAALENVVVVIIQYRLGVLGFFSTGDKHATGNWGYLDQVAALRWVQQNIAHFGGNPDRVTIFGESAGGTSVSSLVVSPISQGLFHGAIMESGVALLPGLIASSADVISTVVANLSACDQVDSEALVGCLRGKSKEEILAINKPFKMIPGVVDGVFLPRHPQELLASADFQPVPSIVGVNNNEFGWLIPKVMRIYDTQKEMDREASQAALQKMLTLLMLPPTFGDLLREEYIGDNGDPQTLQAQFQEMMADSMFVIPALQVAHFQCSRAPVYFYEFQHQPSWLKNIRPPHMKADHGDELPFVFRSFFGGNYIKFTEEEEQLSRKMMKYWANFARNGNPNGEGLPHWPLFDQEEQYLQLNLQPAVGRALKAHRLQFWKKALPQKIQELEEPEERHTEL
hsa00983,MRLHRLRARLSAVACGLLLLLVRGQGQDSASPIRTTHTGQVLGSLVHVKGANAGVQTFLGIPFAKPPLGPLRFAPPEPPESWSGVRDGTTHPAMCLQDLTAVESEFLSQFNMTFPSDSMSEDCLYLSIYTPAHSHEGSNLPVMVWIHGGALVFGMASLYDGSMLAALENVVVVIIQYRLGVLGFFSTGDKHATGNWGYLDQVAALRWVQQNIAHFGGNPDRVTIFGESAGGTSVSSLVVSPISQGLFHGAIMESGVALLPGLIASSADVISTVVANLSACDQVDSEALVGCLRGKSKEEILAINKPFKMIPGVVDGVFLPRHPQELLASADFQPVPSIVGVNNNEFGWLIPKVMRIYDTQKEMDREASQAALQKMLTLLMLPPTFGDLLREEYIGDNGDPQTLQAQFQEMMADSMFVIPALQVAHFQCSRAPVYFYEFQHQPSWLKNIRPPHMKADHGDELPFVFRSFFGGNYIKFTEEEEQLSRKMMKYWANFARNGNPNGEGLPHWPLFDQEEQYLQLNLQPAVGRALKAHRLQFWKKALPQKIQELEEPEERHTEL
hsa00983,MLNNLLLFSLQISLIGTTLGGNVLIWPMEGSHWLNVKIIIDELIKKEHNVTVLVASGALFITPTSNPSLTFEIYRVPFGKERIEGVIKDFVLTWLENRPSPSTIWRFYQEMAKVIKDFHMVSQEICDGVLKNQQLMAKLKKSKFEVLVSDPVFPCGDIVALKLGIPFMYSLRFSPASTVEKHCGKVPYPPSYVPAVLSELTDQMSFTDRIRNFISYHLQDYMFETLWKSWDSYYSKALGRPTTLCETMGKAEIWLIRTYWDFEFPRPYLPNFEFVGGLHCKPAKPLPKEMEEFIQSSGKNGVVVFSLGSMVKNLTEEKANLIASALAQIPQKVLWRYKGKKPATLGNNTQLFDWIPQNDLLGHPKTKAFITHGGTNGIYEAIYHGVPMVGVPMFADQPDNIAHMKAKGAAVEVNLNTMTSVDLLSALRTVINEPSYKENAMRLSRIHHDQPVKPLDRAVFWIEFVMRHKGAKHLRVAAHDLTWFQYHSLDVIGFLLVCVTTAIFLVIQCCLFSCQKFGKIGKKKKRE
hsa00983,MRSDKSALVFLLLQLFCVGCGFCGKVLVWPCDMSHWLNVKVILEELIVRGHEVTVLTHSKPSLIDYRKPSALKFEVVHMPQDRTEENEIFVDLALNVLPGLSTWQSVIKLNDFFVEIRGTLKMMCESFIYNQTLMKKLQETNYDVMLIDPVIPCGDLMAELLAVPFVLTLRISVGGNMERSCGKLPAPLSYVPVPMTGLTDRMTFLERVKNSMLSVLFHFWIQDYDYHFWEEFYSKALGRPTTLCETVGKAEIWLIRTYWDFEFPQPYQPNFEFVGGLHCKPAKALPKEMENFVQSSGEDGIVVFSLGSLFQNVTEEKANIIASALAQIPQKVLWRYKGKKPSTLGANTRLYDWIPQNDLLGHPKTKAFITHGGMNGIYEAIYHGVPMVGVPIFGDQLDNIAHMKAKGAAVEINFKTMTSEDLLRALRTVITDSSYKENAMRLSRIHHDQPVKPLDRAVFWIEFVMRHKGAKHLRSAAHDLTWFQHYSIDVIGFLLACVATAIFLFTKCFLFSCQKFNKTRKIEKRE
hsa00983,MSLKWMSVFLLMQLSCYFSSGSCGKVLVWPTEYSHWINMKTILEELVQRGHEVIVLTSSASILVNASKSSAIKLEVYPTSLTKNDLEDFFMKMFDRWTYSISKNTFWSYFSQLQELCWEYSDYNIKLCEDAVLNKKLMRKLQESKFDVLLADAVNPCGELLAELLNIPFLYSLRFSVGYTVEKNGGGFLFPPSYVPVVMSELSDQMIFMERIKNMIYMLYFDFWFQAYDLKKWDQFYSEVLGRPTTLFETMGKAEMWLIRTYWDFEFPRPFLPNVDFVGGLHCKPAKPLPKEMEEFVQSSGENGIVVFSLGSMISNMSEESANMIASALAQIPQKVLWRFDGKKPNTLGSNTRLYKWLPQNDLLGHPKTKAFITHGGTNGIYEAIYHGIPMVGIPLFADQHDNIAHMKAKGAALSVDIRTMSSRDLLNALKSVINDPIYKENIMKLSRIHHDQPVKPLDRAVFWIEFVMRHKGAKHLRVAAHNLTWIQYHSLDVIAFLLACVATMIFMITKCCLFCFRKLAKTGKKKKRD
hsa00983,MTLKWTSVLLLIHLSCYFSSGSCGKVLVWAAEYSHWMNMKTILKELVQRGHEVTVLASSASILFDPNDASTLKFEVYPTSLTKTEFENIIMQQVKRWSDIRKDSFWLYFSQEQEILWELYDIFRNFCKDVVSNKKVMKKLQESRFDIVFADAVFPCGELLAALLNIRFVYSLRFTPGYTIERHSGGLIFPPSYIPIVMSKLSDQMTFMERVKNMIYVLYFDFWFQMSDMKKWDQFYSEVLGRPTTLFETMGKADIWLMRNSWSFQFPHPFLPNVDFVGGFHCKPAKPLPKEMEEFVQSSGENGVVVFSLGSVISNMTAERANVIATALAKIPQKVLWRFDGNKPDALGLNTRLYKWIPQNDLLGHPKTRAFITHGGANGIYEAIYHGIPMVGIPLFFDQPDNIAHMKAKGAAVRLDFNTMSSTDLLNALKTVINDPLYKENIMKLSRIQHDQPVKPLDRAVFWIEFVMPHKGAKHLRVAAHDLTWFQYHSLDVIGFLLACVATVIFIITKFCLFCFWKFARKGKKGKRD
hsa00983,MALKWTSVLLLIHLGCYFSSGSCGKVLVWTGEYSHWMNMKTILKELVQRGHEVTVLASSASILFDPNDAFTLKLEVYPTSLTKTEFENIIMQQVKRWSDIQKDSFWLYFSQEQEILWEFHDIFRNFCKDVVSNKKVMKKLQESRFDIIFADAFFPCGELLAALLNIPFVYSLCFTPGYTIERHSGGLIFPPSYIPVVMSKLSDQMTFMERVKNMIYVLYFDFWFQMCDMKKWDQFYSEVLGRPTTLFETMGKADIWLMRNSWSFQFPHPFLPNIDFVGGLHCKPAKPLPKEMEEFVQSSGENGVVVFSLGSVISNMTAERANVIATALAKIPQKVLWRFDGNKPDALGLNTRLYKWIPQNDLLGLPKTRAFITHGGANGIYEAIYHGIPMVGIPLFWDQPDNIAHMKAKGAAVRLDFHTMSSTDLLNALKTVINDPSYKENVMKLSIIQHDQPVKPLHRAVFWIEFVMCHKGAKHLRVAARDLTWFQYHSLDVIGFLLACVATVIFVVTKFCLFCFWKFARKGKKGKRD
hsa00983,MACLLRSFQRISAGVFFLALWGMVVGDKLLVVPQDGSHWLSMKDIVEVLSDRGHEIVVVVPEVNLLLKESKYYTRKIYPVPYDQEELKNRYQSFGNNHFAERSFLTAPQTEYRNNMIVIGLYFINCQSLLQDRDTLNFFKESKFDALFTDPALPCGVILAEYLGLPSVYLFRGFPCSLEHTFSRSPDPVSYIPRCYTKFSDHMTFSQRVANFLVNLLEPYLFYCLFSKYEELASAVLKRDVDIITLYQKVSVWLLRYDFVLEYPRPVMPNMVFIGGINCKKRKDLSQEFEAYINASGEHGIVVFSLGSMVSEIPEKKAMAIADALGKIPQTVLWRYTGTRPSNLANNTILVKWLPQNDLLGHPMTRAFITHAGSHGVYESICNGVPMVMMPLFGDQMDNAKRMETKGAGVTLNVLEMTSEDLENALKAVINDKSYKENIMRLSSLHKDRPVEPLDLAVFWVEFVMRHKGAPHLRPAAHDLTWYQYHSLDVIGFLLAVVLTVAFITFKCCAYGYRKCLGKKGRVKKAHKSKTH
hsa00983,MACLLRSFQRISAGVFFLALWGMVVGDKLLVVPQDGSHWLSMKDIVEVLSDRGHEIVVVVPEVNLLLKESKYYTRKIYPVPYDQEELKNRYQSFGNNHFAERSFLTAPQTEYRNNMIVIGLYFINCQSLLQDRDTLNFFKESKFDALFTDPALPCGVILAEYLGLPSVYLFRGFPCSLEHTFSRSPDPVSYIPRCYTKFSDHMTFSQRVANFLVNLLEPYLFYCLFSKYEELASAVLKRDVDIITLYQKVSVWLLRYDFVLEYPRPVMPNMVFIGGINCKKRKDLSQEFEAYINASGEHGIVVFSLGSMVSEIPEKKAMAIADALGKIPQTVLWRYTGTRPSNLANNTILVKWLPQNDLLGHPMTRAFITHAGSHGVYESICNGVPMVMMPLFGDQMDNAKRMETKGAGVTLNVLEMTSEDLENALKAVINDKSYKENIMRLSSLHKDRPVEPLDLAVFWVEFVMRHKGAPHLRPAAHDLTWYQYHSLDVIGFLLAVVLTVAFITFKCCAYGYRKCLGKKGRVKKAHKSKTH
hsa00983,MARGLQVPLPRLATGLLLLLSVQPWAESGKVLVVPTDGSPWLSMREALRELHARGHQAVVLTPEVNMHIKEEKFFTLTAYAVPWTQKEFDRVTLGYTQGFFETEHLLKRYSRSMAIMNNVSLALHRCCVELLHNEALIRHLNATSFDVVLTDPVNLCGAVLAKYLSIPAVFFWRYIPCDLDFKGTQCPNPSSYIPKLLTTNSDHMTFLQRVKNMLYPLALSYICHTFSAPYASLASELFQREVSVVDLVSYASVWLFRGDFVMDYPRPIMPNMVFIGGINCANGKPLSQEFEAYINASGEHGIVVFSLGSMVSEIPEKKAMAIADALGKIPQTVLWRYTGTRPSNLANNTILVKWLPQNDLLGHPMTRAFITHAGSHGVYESICNGVPMVMMPLFGDQMDNAKRMETKGAGVTLNVLEMTSEDLENALKAVINDKSYKENIMRLSSLHKDRPVEPLDLAVFWVEFVMRHKGAPHLRPAAHDLTWYQYHSLDVIGFLLAVVLTVAFITFKCCAYGYRKCLGKKGRVKKAHKSKTH
hsa00983,MAVESQGGRPLVLGLLLCVLGPVVSHAGKILLIPVDGSHWLSMLGAIQQLQQRGHEIVVLAPDASLYIRDGAFYTLKTYPVPFQREDVKESFVSLGHNVFENDSFLQRVIKTYKKIKKDSAMLLSGCSHLLHNKELMASLAESSFDVMLTDPFLPCSPIVAQYLSLPTVFFLHALPCSLEFEATQCPNPFSYVPRPLSSHSDHMTFLQRVKNMLIAFSQNFLCDVVYSPYATLASEFLQREVTVQDLLSSASVWLFRSDFVKDYPRPIMPNMVFVGGINCLHQNPLSQEFEAYINASGEHGIVVFSLGSMVSEIPEKKAMAIADALGKIPQTVLWRYTGTRPSNLANNTILVKWLPQNDLLGHPMTRAFITHAGSHGVYESICNGVPMVMMPLFGDQMDNAKRMETKGAGVTLNVLEMTSEDLENALKAVINDKSYKENIMRLSSLHKDRPVEPLDLAVFWVEFVMRHKGAPHLRPAAHDLTWYQYHSLDVIGFLLAVVLTVAFITFKCCAYGYRKCLGKKGRVKKAHKSKTH
hsa00983,MAVESQGGRPLVLGLLLCVLGPVVSHAGKILLIPVDGSHWLSMLGAIQQLQQRGHEIVVLAPDASLYIRDGAFYTLKTYPVPFQREDVKESFVSLGHNVFENDSFLQRVIKTYKKIKKDSAMLLSGCSHLLHNKELMASLAESSFDVMLTDPFLPCSPIVAQYLSLPTVFFLHALPCSLEFEATQCPNPFSYVPRPLSSHSDHMTFLQRVKNMLIAFSQNFLCDVVYSPYATLASEFLQREVTVQDLLSSASVWLFRSDFVKDYPRPIMPNMVFVGGINCLHQNPLSQEFEAYINASGEHGIVVFSLGSMVSEIPEKKAMAIADALGKIPQTVLWRYTGTRPSNLANNTILVKWLPQNDLLGHPMTRAFITHAGSHGVYESICNGVPMVMMPLFGDQMDNAKRMETKGAGVTLNVLEMTSEDLENALKAVINDKSYKENIMRLSSLHKDRPVEPLDLAVFWVEFVMRHKGAPHLRPAAHDLTWYQYHSLDVIGFLLAVVLTVAFITFKCCAYGYRKCLGKKGRVKKAHKSKTH
hsa00983,MATGLQVPLPWLATGLLLLLSVQPWAESGKVLVVPIDGSHWLSMREVLRELHARGHQAVVLTPEVNMHIKEENFFTLTTYAISWTQDEFDRHVLGHTQLYFETEHFLKKFFRSMAMLNNMSLVYHRSCVELLHNEALIRHLNATSFDVVLTDPVNLCAAVLAKYLSIPTVFFLRNIPCDLDFKGTQCPNPSSYIPRLLTTNSDHMTFMQRVKNMLYPLALSYICHAFSAPYASLASELFQREVSVVDILSHASVWLFRGDFVMDYPRPIMPNMVFIGGINCANRKPLSQEFEAYINASGEHGIVVFSLGSMVSEIPEKKAMAIADALGKIPQTVLWRYTGTRPSNLANNTILVKWLPQNDLLGHPMTRAFITHAGSHGVYESICNGVPMVMMPLFGDQMDNAKRMETKGAGVTLNVLEMTSEDLENALKAVINDKSYKENIMRLSSLHKDRPVEPLDLAVFWVEFVMRHKGAPHLRPAAHDLTWYQYHSLDVIGFLLAVVLTVAFITFKCCAYGYRKCLGKKGRVKKAHKSKTH
hsa00983,MATGLQVPLPWLATGLLLLLSVQPWAESGKVLVVPIDGSHWLSMREVLRELHARGHQAVVLTPEVNMHIKEENFFTLTTYAISWTQDEFDRHVLGHTQLYFETEHFLKKFFRSMAMLNNMSLVYHRSCVELLHNEALIRHLNATSFDVVLTDPVNLCAAVLAKYLSIPTVFFLRNIPCDLDFKGTQCPNPSSYIPRLLTTNSDHMTFMQRVKNMLYPLALSYICHAFSAPYASLASELFQREVSVVDILSHASVWLFRGDFVMDYPRPIMPNMVFIGGINCANRKPLSQEFEAYINASGEHGIVVFSLGSMVSEIPEKKAMAIADALGKIPQTVLWRYTGTRPSNLANNTILVKWLPQNDLLGHPMTRAFITHAGSHGVYESICNGVPMVMMPLFGDQMDNAKRMETKGAGVTLNVLEMTSEDLENALKAVINDKSYKENIMRLSSLHKDRPVEPLDLAVFWVEFVMRHKGAPHLRPAAHDLTWYQYHSLDVIGFLLAVVLTVAFITFKCCAYGYRKCLGKKGRVKKAHKSKTH
hsa00983,MALKWTTVLLIQLSFYFSSGSCGKVLVWAAEYSLWMNMKTILKELVQRGHEVTVLASSASILFDPNDSSTLKLEVYPTSLTKTEFENIIMQLVKRLSEIQKDTFWLPFSQEQEILWAINDIIRNFCKDVVSNKKLMKKLQESRFDIVFADAYLPCGELLAELFNIPFVYSHSFSPGYSFERHSGGFIFPPSYVPVVMSKLSDQMTFMERVKNMLYVLYFDFWFQIFNMKKWDQFYSEVLGRPTTLSETMRKADIWLMRNSWNFKFPHPFLPNVDFVGGLHCKPAKPLPKEMEEFVQSSGENGVVVFSLGSMVSNMTEERANVIATALAKIPQKVLWRFDGNKPDALGLNTRLYKWIPQNDLLGHPKTRAFITHGGANGIYEAIYHGIPMVGIPLFFDQPDNIAHMKAKGAAVRVDFNTMSSTDLLNALKTVINDPSYKENIMKLSRIQHDQPVKPLDRAVFWIEFVMRHKGAKHLRVAAHNLTWFQYHSLDVIGFLLACVATVLFIITKCCLFCFWKFARKGKKGKRD
hsa00983,MACTGWTSPLPLCVCLLLTCGFAEAGKLLVVPMDGSHWFTMRSVVEKLILRGHEVVVVMPEVSWQLGRSLNCTVKTYSTSYTLEDLDREFKAFAHAQWKAQVRSIYSLLMGSYNDIFDLFFSNCRSLFKDKKLVEYLKESSFDAVFLDPFDNCGLIVAKYFSLPSVVFARGILCHYLEEGAQCPAPLSYVPRILLGFSDAMTFKERVRNHIMHLEEHLLCHRFFKNALEIASEILQTPVTEYDLYSHTSIWLLRTDFVLDYPKPVMPNMIFIGGINCHQGKPLPMEFEAYINASGEHGIVVFSLGSMVSEIPEKKAMAIADALGKIPQTVLWRYTGTRPSNLANNTILVKWLPQNDLLGHPMTRAFITHAGSHGVYESICNGVPMVMMPLFGDQMDNAKRMETKGAGVTLNVLEMTSEDLENALKAVINDKSYKENIMRLSSLHKDRPVEPLDLAVFWVEFVMRHKGAPHLRPAAHDLTWYQYHSLDVIGFLLAVVLTVAFITFKCCAYGYRKCLGKKGRVKKAHKSKTH
hsa00983,MACTGWTSPLPLCVCLLLTCGFAEAGKLLVVPMDGSHWFTMRSVVEKLILRGHEVVVVMPEVSWQLGRSLNCTVKTYSTSYTLEDLDREFKAFAHAQWKAQVRSIYSLLMGSYNDIFDLFFSNCRSLFKDKKLVEYLKESSFDAVFLDPFDNCGLIVAKYFSLPSVVFARGILCHYLEEGAQCPAPLSYVPRILLGFSDAMTFKERVRNHIMHLEEHLLCHRFFKNALEIASEILQTPVTEYDLYSHTSIWLLRTDFVLDYPKPVMPNMIFIGGINCHQGKPLPMEFEAYINASGEHGIVVFSLGSMVSEIPEKKAMAIADALGKIPQTVLWRYTGTRPSNLANNTILVKWLPQNDLLGHPMTRAFITHAGSHGVYESICNGVPMVMMPLFGDQMDNAKRMETKGAGVTLNVLEMTSEDLENALKAVINDKSYKENIMRLSSLHKDRPVEPLDLAVFWVEFVMRHKGAPHLRPAAHDLTWYQYHSLDVIGFLLAVVLTVAFITFKCCAYGYRKCLGKKGRVKKAHKSKTH
hsa00983,MSVKWTSVILLIQLSFCFSSGNCGKVLVWAAEYSHWMNIKTILDELIQRGHEVTVLASSASILFDPNNSSALKIEIYPTSLTKTELENFIMQQIKRWSDLPKDTFWLYFSQVQEIMSIFGDITRKFCKDVVSNKKFMKKVQESRFDVIFADAIFPCSELLAELFNIPFVYSLSFSPGYTFEKHSGGFIFPPSYVPVVMSELTDQMTFMERVKNMIYVLYFDFWFEIFDMKKWDQFYSEVLGRPTTLSETMGKADVWLIRNSWNFQFPHPLLPNVDFVGGLHCKPAKPLPKEMEDFVQSSGENGVVVFSLGSMVSNMTEERANVIASALAQIPQKVLWRFDGNKPDTLGLNTRLYKWIPQNDLLGHPKTRAFITHGGANGIYEAIYHGIPMVGIPLFADQPDNIAHMKARGAAVRVDFNTMSSTDLLNALKRVINDPSYKENVMKLSRIQHDQPVKPLDRAVFWIEFVMRHKGAKHLRVAAHDLTWFQYHSLDVIGFLLVCVATVIFIVTKCCLFCFWKFARKAKKGKND
hsa00983,MARAGWTSPVPLCVCLLLTCGFAEAGKLLVVPMDGSHWFTMQSVVEKLILRGHEVVVVMPEVSWQLERSLNCTVKTYSTSYTLEDQNREFMVFAHAQWKAQAQSIFSLLMSSSSGFLDLFFSHCRSLFNDRKLVEYLKESSFDAVFLDPFDTCGLIVAKYFSLPSVVFTRGIFCHHLEEGAQCPAPLSYVPNDLLGFSDAMTFKERVWNHIVHLEDHLFCQYLFRNALEIASEILQTPVTAYDLYSHTSIWLLRTDFVLDYPKPVMPNMIFIGGINCHQGKPLPMEFEAYINASGEHGIVVFSLGSMVSEIPEKKAMAIADALGKIPQTVLWRYTGTRPSNLANNTILVKWLPQNDLLGHPMTRAFITHAGSHGVYESICNGVPMVMMPLFGDQMDNAKRMETKGAGVTLNVLEMTSEDLENALKAVINDKSYKENIMRLSSLHKDRPVEPLDLAVFWVEFVMRHKGAPHLRPAAHDLTWYQYHSLDVIGFLLAVVLTVAFITFKCCAYGYRKCLGKKGRVKKAHKSKTH
hsa00983,MARAGWTSPVPLCVCLLLTCGFAEAGKLLVVPMDGSHWFTMQSVVEKLILRGHEVVVVMPEVSWQLERSLNCTVKTYSTSYTLEDQNREFMVFAHAQWKAQAQSIFSLLMSSSSGFLDLFFSHCRSLFNDRKLVEYLKESSFDAVFLDPFDTCGLIVAKYFSLPSVVFTRGIFCHHLEEGAQCPAPLSYVPNDLLGFSDAMTFKERVWNHIVHLEDHLFCQYLFRNALEIASEILQTPVTAYDLYSHTSIWLLRTDFVLDYPKPVMPNMIFIGGINCHQGKPLPMEFEAYINASGEHGIVVFSLGSMVSEIPEKKAMAIADALGKIPQTVLWRYTGTRPSNLANNTILVKWLPQNDLLGHPMTRAFITHAGSHGVYESICNGVPMVMMPLFGDQMDNAKRMETKGAGVTLNVLEMTSEDLENALKAVINDKSYKENIMRLSSLHKDRPVEPLDLAVFWVEFVMRHKGAPHLRPAAHDLTWYQYHSLDVIGFLLAVVLTVAFITFKCCAYGYRKCLGKKGRVKKAHKSKTH
hsa00983,MARTGWTSPIPLCVSLLLTCGFAEAGKLLVVPMDGSHWFTMQSVVEKLILRGHEVVVVMPEVSWQLGKSLNCTVKTYSTSYTLEDLDREFMDFADAQWKAQVRSLFSLFLSSSNGFFNLFFSHCRSLFNDRKLVEYLKESSFDAVFLDPFDACGLIVAKYFSLPSVVFARGIACHYLEEGAQCPAPLSYVPRILLGFSDAMTFKERVRNHIMHLEEHLFCQYFSKNALEIASEILQTPVTAYDLYSHTSIWLLRTDFVLDYPKPVMPNMIFIGGINCHQGKPLPMEFEAYINASGEHGIVVFSLGSMVSEIPEKKAMAIADALGKIPQTVLWRYTGTRPSNLANNTILVKWLPQNDLLGHPMTRAFITHAGSHGVYESICNGVPMVMMPLFGDQMDNAKRMETKGAGVTLNVLEMTSEDLENALKAVINDKSYKENIMRLSSLHKDRPVEPLDLAVFWVEFVMRHKGAPHLRPAAHDLTWYQYHSLDVIGFLLAVVLTVAFITFKCCAYGYRKCLGKKGRVKKAHKSKTH
hsa00983,MARTGWTSPIPLCVSLLLTCGFAEAGKLLVVPMDGSHWFTMQSVVEKLILRGHEVVVVMPEVSWQLGKSLNCTVKTYSTSYTLEDLDREFMDFADAQWKAQVRSLFSLFLSSSNGFFNLFFSHCRSLFNDRKLVEYLKESSFDAVFLDPFDACGLIVAKYFSLPSVVFARGIACHYLEEGAQCPAPLSYVPRILLGFSDAMTFKERVRNHIMHLEEHLFCQYFSKNALEIASEILQTPVTAYDLYSHTSIWLLRTDFVLDYPKPVMPNMIFIGGINCHQGKPLPMEFEAYINASGEHGIVVFSLGSMVSEIPEKKAMAIADALGKIPQTVLWRYTGTRPSNLANNTILVKWLPQNDLLGHPMTRAFITHAGSHGVYESICNGVPMVMMPLFGDQMDNAKRMETKGAGVTLNVLEMTSEDLENALKAVINDKSYKENIMRLSSLHKDRPVEPLDLAVFWVEFVMRHKGAPHLRPAAHDLTWYQYHSLDVIGFLLAVVLTVAFITFKCCAYGYRKCLGKKGRVKKAHKSKTH
hsa00983,MATGLQVPLPQLATGLLLLLSVQPWAESGKVLVVPTDGSHWLSMREALRDLHARGHQVVVLTLEVNMYIKEENFFTLTTYAISWTQDEFDRLLLGHTQSFFETEHLLMKFSRRMAIMNNMSLIIHRSCVELLHNEALIRHLHATSFDVVLTDPFHLCAAVLAKYLSIPAVFFLRNIPCDLDFKGTQCPNPSSYIPRLLTTNSDHMTFLQRVKNMLYPLALSYLCHAVSAPYASLASELFQREVSVVDLVSHASVWLFRGDFVMDYPRPIMPNMVFIGGINCANGKPLSQEFEAYINASGEHGIVVFSLGSMVSEIPEKKAMAIADALGKIPQTVLWRYTGTRPSNLANNTILVKWLPQNDLLGHPMTRAFITHAGSHGVYESICNGVPMVMMPLFGDQMDNAKRMETKGAGVTLNVLEMTSEDLENALKAVINDKSYKENIMRLSSLHKDRPVEPLDLAVFWVEFVMRHKGAPHLRPAAHDLTWYQYHSLDVIGFLLAVVLTVAFITFKCCAYGYRKCLGKKGRVKKAHKSKTH
hsa00983,MATGLQVPLPQLATGLLLLLSVQPWAESGKVLVVPTDGSHWLSMREALRDLHARGHQVVVLTLEVNMYIKEENFFTLTTYAISWTQDEFDRLLLGHTQSFFETEHLLMKFSRRMAIMNNMSLIIHRSCVELLHNEALIRHLHATSFDVVLTDPFHLCAAVLAKYLSIPAVFFLRNIPCDLDFKGTQCPNPSSYIPRLLTTNSDHMTFLQRVKNMLYPLALSYLCHAVSAPYASLASELFQREVSVVDLVSHASVWLFRGDFVMDYPRPIMPNMVFIGGINCANGKPLSQEFEAYINASGEHGIVVFSLGSMVSEIPEKKAMAIADALGKIPQTVLWRYTGTRPSNLANNTILVKWLPQNDLLGHPMTRAFITHAGSHGVYESICNGVPMVMMPLFGDQMDNAKRMETKGAGVTLNVLEMTSEDLENALKAVINDKSYKENIMRLSSLHKDRPVEPLDLAVFWVEFVMRHKGAPHLRPAAHDLTWYQYHSLDVIGFLLAVVLTVAFITFKCCAYGYRKCLGKKGRVKKAHKSKTH
hsa00983,
hsa00983,MSLKWTSVFLLIQLSCYFSSGSCGKVLVWPTEYSHWINMKTILEELVQRGHEVTVLTSSASTLVNASKSSAIKLEVYPTSLTKNYLEDSLLKILDRWIYGVSKNTFWSYFSQLQELCWEYYDYSNKLCKDAVLNKKLMMKLQESKFDVILADALNPCGELLAELFNIPFLYSLRFSVGYTFEKNGGGFLFPPSYVPVVMSELSDQMIFMERIKNMIHMLYFDFWFQIYDLKKWDQFYSEVLGRPTTLFETMGKAEMWLIRTYWDFEFPRPFLPNVDFVGGLHCKPAKPLPKEMEEFVQSSGENGIVVFSLGSMISNMSEESANMIASALAQIPQKVLWRFDGKKPNTLGSNTRLYKWLPQNDLLGHPKTKAFITHGGTNGIYEAIYHGIPMVGIPLFADQHDNIAHMKAKGAALSVDIRTMSSRDLLNALKSVINDPVYKENVMKLSRIHHDQPMKPLDRAVFWIEFVMRHKGAKHLRVAAHNLTWIQYHSLDVIAFLLACVATVIFIITKFCLFCFRKLAKKGKKKKRD
hsa00983,MARAGWTGLLPLYVCLLLTCGFAKAGKLLVVPMDGSHWFTMQSVVEKLILRGHEVVVVMPEVSWQLGRSLNCTVKTYSTSYTLEDQDREFMVFADARWTAPLRSAFSLLTSSSNGIFDLFFSNCRSLFNDRKLVEYLKESCFDAVFLDPFDACGLIVAKYFSLPSVVFARGIFCHYLEEGAQCPAPLSYVPRLLLGFSDAMTFKERVWNHIMHLEEHLFCPYFFKNVLEIASEILQTPVTAYDLYSHTSIWLLRTDFVLEYPKPVMPNMIFIGGINCHQGKPVPMEFEAYINASGEHGIVVFSLGSMVSEIPEKKAMAIADALGKIPQTVLWRYTGTRPSNLANNTILVKWLPQNDLLGHPMTRAFITHAGSHGVYESICNGVPMVMMPLFGDQMDNAKRMETKGAGVTLNVLEMTSEDLENALKAVINDKSYKENIMRLSSLHKDRPVEPLDLAVFWVEFVMRHKGAPHLRPAAHDLTWYQYHSLDVIGFLLAVVLTVAFITFKCCAYGYRKCLGKKGRVKKAHKSKTH
hsa00983,MARAGWTGLLPLYVCLLLTCGFAKAGKLLVVPMDGSHWFTMQSVVEKLILRGHEVVVVMPEVSWQLGRSLNCTVKTYSTSYTLEDQDREFMVFADARWTAPLRSAFSLLTSSSNGIFDLFFSNCRSLFNDRKLVEYLKESCFDAVFLDPFDACGLIVAKYFSLPSVVFARGIFCHYLEEGAQCPAPLSYVPRLLLGFSDAMTFKERVWNHIMHLEEHLFCPYFFKNVLEIASEILQTPVTAYDLYSHTSIWLLRTDFVLEYPKPVMPNMIFIGGINCHQGKPVPMEFEAYINASGEHGIVVFSLGSMVSEIPEKKAMAIADALGKIPQTVLWRYTGTRPSNLANNTILVKWLPQNDLLGHPMTRAFITHAGSHGVYESICNGVPMVMMPLFGDQMDNAKRMETKGAGVTLNVLEMTSEDLENALKAVINDKSYKENIMRLSSLHKDRPVEPLDLAVFWVEFVMRHKGAPHLRPAAHDLTWYQYHSLDVIGFLLAVVLTVAFITFKCCAYGYRKCLGKKGRVKKAHKSKTH
hsa00983,MSMKWTSALLLIQLSCYFSSGSCGKVLVWPTEFSHWMNIKTILDELVQRGHEVTVLASSASISFDPNSPSTLKFEVYPVSLTKTEFEDIIKQLVKRWAELPKDTFWSYFSQVQEIMWTFNDILRKFCKDIVSNKKLMKKLQESRFDVVLADAVFPFGELLAELLKIPFVYSLRFSPGYAIEKHSGGLLFPPSYVPVVMSELSDQMTFIERVKNMIYVLYFEFWFQIFDMKKWDQFYSEVLGRPTTLSETMAKADIWLIRNYWDFQFPHPLLPNVEFVGGLHCKPAKPLPKEMEEFVQSSGENGVVVFSLGSMVSNTSEERANVIASALAKIPQKVLWRFDGNKPDTLGLNTRLYKWIPQNDLLGHPKTRAFITHGGANGIYEAIYHGIPMVGVPLFADQPDNIAHMKAKGAAVSLDFHTMSSTDLLNALKTVINDPLYKENAMKLSRIHHDQPVKPLDRAVFWIEFVMRHKGAKHLRVAAHDLTWFQYHSLDVTGFLLACVATVIFIITKCLFCVWKFVRTGKKGKRD
hsa00983,MARGSAVAWAALGPLLWGCALGLQGGMLYPQESPSRECKELDGLWSFRADFSDNRRRGFEEQWYRRPLWESGPTVDMPVPSSFNDISQDWRLRHFVGWVWYEREVILPERWTQDLRTRVVLRIGSAHSYAIVWVNGVDTLEHEGGYLPFEADISNLVQVGPLPSRLRITIAINNTLTPTTLPPGTIQYLTDTSKYPKGYFVQNTYFDFFNYAGLQRSVLLYTTPTTYIDDITVTTSVEQDSGLVNYQISVKGSNLFKLEVRLLDAENKVVANGTGTQGQLKVPGVSLWWPYLMHERPAYLYSLEVQLTAQTSLGPVSDFYTLPVGIRTVAVTKSQFLINGKPFYFHGVNKHEDADIRGKGFDWPLLVKDFNLLRWLGANAFRTSHYPYAEEVMQMCDRYGIVVIDECPGVGLALPQFFNNVSLHHHMQVMEEVVRRDKNHPAVVMWSVANEPASHLESAGYYLKMVIAHTKSLDPSRPVTFVSNSNYAADKGAPYVDVICLNSYYSWYHDYGHLELIQLQLATQFENWYKKYQKPIIQSEYGAETIAGFHQDPPLMFTEEYQKSLLEQYHLGLDQKRRKYVVGELIWNFADFMTEQSPTRVLGNKKGIFTRQRQPKSAAFLLRERYWKIANETRYPHSVAKSQCLENSLFT
hsa00983,MALIPDLAMETWLLLAVSLVLLYLYGTHSHGLFKKLGIPGPTPLPFLGNILSYHKGFCMFDMECHKKYGKVWGFYDGQQPVLAITDPDMIKTVLVKECYSVFTNRRPFGPVGFMKSAISIAEDEEWKRLRSLLSPTFTSGKLKEMVPIIAQYGDVLVRNLRREAETGKPVTLKDVFGAYSMDVITSTSFGVNIDSLNNPQDPFVENTKKLLRFDFLDPFFLSITVFPFLIPILEVLNICVFPREVTNFLRKSVKRMKESRLEDTQKHRVDFLQLMIDSQNSKETESHKALSDLELVAQSIIFIFAGYETTSSVLSFIMYELATHPDVQQKLQEEIDAVLPNKAPPTYDTVLQMEYLDMVVNETLRLFPIAMRLERVCKKDVEINGMFIPKGVVVMIPSYALHRDPKYWTEPEKFLPERFSKKNKDNIDPYIYTPFGSGPRNCIGMRFALMNMKLALIRVLQNFSFKPCKETQIPLKLSLGGLLQPEKPVVLKVESRDGTVSGA
hsa00983,MALIPDLAMETWLLLAVSLVLLYLYGTHSHGLFKKLGIPGPTPLPFLGNILSYHKGFCMFDMECHKKYGKVWGFYDGQQPVLAITDPDMIKTVLVKECYSVFTNRRPFGPVGFMKSAISIAEDEEWKRLRSLLSPTFTSGKLKEMVPIIAQYGDVLVRNLRREAETGKPVTLKDVFGAYSMDVITSTSFGVNIDSLNNPQDPFVENTKKLLRFDFLDPFFLSITVFPFLIPILEVLNICVFPREVTNFLRKSVKRMKESRLEDTQKHRVDFLQLMIDSQNSKETESHKALSDLELVAQSIIFIFAGYETTSSVLSFIMYELATHPDVQQKLQEEIDAVLPNKAPPTYDTVLQMEYLDMVVNETLRLFPIAMRLERVCKKDVEINGMFIPKGVVVMIPSYALHRDPKYWTEPEKFLPERFSKKNKDNIDPYIYTPFGSGPRNCIGMRFALMNMKLALIRVLQNFSFKPCKETQIPLKLSLGGLLQPEKPVVLKVESRDGTVSGA
hsa00983,MAQKRPACTLKPECVQQLLVCSQEAKKSAYCPYSHFPVGAALLTQEGRIFKGCNIENACYPLGICAERTAIQKAVSEGYKDFRAIAIASDMQDDFISPCGACRQVMREFGTNWPVYMTKPDGTYIVMTVQELLPSSFGPEDLQKTQ
hsa00983,MAALMTPGTGAPPAPGDFSGEGSQGLPDPSPEPKQLPELIRMKRDGGRLSEADIRGFVAAVVNGSAQGAQIGAMLMAIRLRGMDLEETSVLTQALAQSGQQLEWPEAWRQQLVDKHSTGGVGDKVSLVLAPALAACGCKVPVISGRGLGHTGGTLDKLESIPGFNVIQSPEQMQVLLDQAGCCIVGQSEQLVPADGILYAARDVTATVDSLPLITASILSKKLVEGLSALVVDVKFGGAAVFPNQEQARELAKTLVGVGASLGLRVAAALTAMDKPLGRCVGHALEVEEALLCMDGAGPPDLRDLVTTLGGALLWLSGHAGTQAQGAARVAAALDDGSALGRFERMLAAQGVDPGLARALCSGSPAERRQLLPRAREQEELLAPADGTVELVRALPLALVLHELGAGRSRAGEPLRLGVGAELLVDVGQRLRRGTPWLRVHRDGPALSGPQSRALQEALVLSDRAPFAAPSPFAELVLPPQQ
hsa00983,MAALMTPGTGAPPAPGDFSGEGSQGLPDPSPEPKQLPELIRMKRDGGRLSEADIRGFVAAVVNGSAQGAQIGAMLMAIRLRGMDLEETSVLTQALAQSGQQLEWPEAWRQQLVDKHSTGGVGDKVSLVLAPALAACGCKVPMISGRGLGHTGGTLDKLESIPGFNVIQSPEQMQVLLDQAGCCIVGQSEQLVPADGILYAARDVTATVDSLPLITASILSKKLVEGLSALVVDVKFGGAAVFPNQEQARELAKTLVGVGASLGLRVAAALTAMDKPLGRCVGHALEVEEALLCMDGAGPPDLRDLVTTLGGALLWLSGHAGTQAQGAARVAAALDDGSALGRFERMLAAQGVDPGLARALCSGSPAERRQLLPRAREQEELLAPADGTVELVRALPLALVLHELGAGRSRAGEPLRLGVGAELLVDVGQRLRRGTPWLRVHRDGPALSGPQSRALQEALVLSDRAPFAAPSPFAELVLPPQQ
hsa00983,MAALMTPGTGAPPAPGDFSGEGSQGLPDPSPEPKQLPELIRMKRDGGRLSEADIRGFVAAVVNGSAQGAQIGAMLMAIRLRGMDLEETSVLTQALAQSGQQLEWPEAWRQQLVDKHSTGGVGDKVSLVLAPALAACGCKVPMISGRGLGHTGGTLDKLESIPGFNVIQSPEQMQVLLDQAGCCIVGQSEQLVPADGILYAARDVTATVDSLPLITASILSKKLVEGLSALVVDVKFGGAAVFPNQEQARELAKTLVGVGASLGLRVAAALTAMDKPLGRCVGHALEVEEALLCMDGAGPPDLRDLVTTLGGALLWLSGHAGTQAQGAARVAAALDDGSALGRFERMLAAQGVDPGLARALCSGSPAERRQLLPRAREQEELLAPADGTVELVRALPLALVLHELGAGRSRAGEPLRLGVGAELLVDVGQRLRRGTPWLRVHRDGPALSGPQSRALQEALVLSDRAPFAAPSPFAELVLPPQQ
hsa00983,MAPVLSKDSADIESILALNPRTQTHATLCSTSAKKLDKKHWKRNPDKNCFNCEKLENNFDDIKHTTLGERGALREAMRCLKCADAPCQKSCPTNLDIKSFITSIANKNYYGAAKMIFSDNPLGLTCGMVCPTSDLCVGGCNLYATEEGPINIGGLQQFATEVFKAMSIPQIRNPSLPPPEKMSEAYSAKIALFGAGPASISCASFLARLGYSDITIFEKQEYVGGLSTSEIPQFRLPYDVVNFEIELMKDLGVKIICGKSLSVNEMTLSTLKEKGYKAAFIGIGLPEPNKDAIFQGLTQDQGFYTSKDFLPLVAKGSKAGMCACHSPLPSIRGVVIVLGAGDTAFDCATSALRCGARRVFIVFRKGFVNIRAVPEEMELAKEEKCEFLPFLSPRKVIVKGGRIVAMQFVRTEQDETGKWNEDEDQMVHLKADVVISAFGSVLSDPKVKEALSPIKFNRWGLPEVDPETMQTSEAWVFAGGDVVGLANTTVESVNDGKQASWYIHKYVQSQYGASVSAKPELPLFYTPIDLVDISVEMAGLKFINPFGLASATPATSTSMIRRAFEAGWGFALTKTFSLDKDIVTNVSPRIIRGTTSGPMYGPGQSSFLNIELISEKTAAYWCQSVTELKADFPDNIVIASIMCSYNKNDWTELAKKSEDSGADALELNLSCPHGMGERGMGLACGQDPELVRNICRWVRQAVQIPFFAKLTPNVTDIVSIARAAKEGGANGVTATNTVSGLMGLKSDGTPWPAVGIAKRTTYGGVSGTAIRPIALRAVTSIARALPGFPILATGGIDSAESGLQFLHSGASVLQVCSAIQNQDFTVIEDYCTGLKALLYLKSIEELQDWDGQSPATVSHQKGKPVPRIAELMDKKLPSFGPYLEQRKKIIAENKIRLKEQNVAFSPLKRNCFIPKRPIPTIKDVIGKALQYLGTFGELSNVEQVVAMIDEEMCINCGKCYMTCNDSGYQAIQFDPETHLPTITDTCTGCTLCLSVCPIVDCIKMVSRTTPYEPKRGVPLSVNPVC
hsa00983,MAAPSRLLIRGGRVVNDDFSEVADVLVEDGVVRALGHDLLPPGGAPAGLRVLDAAGKLVLPGGIDTHTHMQFPFMGSRSIDDFHQGTKAALSGGTTMIIDFAIPQKGGSLIEAFETWRSWADPKVCCDYSLHVAVTWWSDQVKEEMKILVQDKGVNSFKMFMAYKDLYMVTDLELYEAFSRCKEIGAIAQVHAENGDLIAEGAKKMLALGITGPEGHELCRPEAVEAEATLRAITIASAVNCPLYIVHVMSKSAAKVIADARRDGKVVYGEPIAASLGTDGTHYWNKEWHHAAHHVMGPPLRPDPSTPDFLMNLLANDDLTTTGTDNCTFNTCQKALGKDDFTKIPNGVNGVEDRMSVIWEKGVHSGKMDENRFVAVTSTNAAKIFNLYPRKGRIAVGSDADIVIWDPKGTRTISAKTHHQAVNFNIFEGMVCHGVPLVTISRGKVVYEAGVFSVTAGDGKFIPRKPFAEYIYKRIKQRDRTCTPTPVERAPYKGEVATLKSRVTKEDATAGTRKQAHP
hsa00983,MAGAEWKSLEECLEKHLPLPDLQEVKRVLYGKELRKLDLPREAFEAASREDFELQGYAFEAAEEQLRRPRIVHVGLVQNRIPLPANAPVAEQVSALHRRIKAIVEVAAMCGVNIICFQEAWTMPFAFCTREKLPWTEFAESAEDGPTTRFCQKLAKNHDMVVVSPILERDSEHGDVLWNTAVVISNSGAVLGKTRKNHIPRVGDFNESTYYMEGNLGHPVFQTQFGRIAVNICYGRHHPLNWLMYSINGAEIIFNPSATIGALSESLWPIEARNAAIANHCFTCAINRVGTEHFPNEFTSGDGKKAHQDFGYFYGSSYVAAPDSSRTPGLSRSRDGLLVAKLDLNLCQQVNDVWNFKMTGRYEMYARELAEAVKSNYSPTIVKE
hsa00983,MLGEAPAAPRLAGSEARSLWQGTQVSALHRRIKAIVEVAAMCGVNIICFQEAWTMPFAFCTREKLPWTEFAESAEDGPTTRFCQKLAKNHDMVVVSPILERDSEHGDVLWNTAVVISNSGAVLGKTRKNHIPRVGDFNESTYYMEGNLGHPVFQTQFGRIAVNICYGRHHPLNWLMYSINGAEIIFNPSATIGALSESLWPIEARNAAIANHCFTCAINRVGTEHFPNEFTSGDGKKAHQDFGYFYGSSYVAAPDSSRTPGLSRSRDGLLVAKLDLNLCQQVNDVWNFKMTGRYEMYARELAEAVKSIYSPTIVKE
hsa00983,MAGAEWKSLEECLEKHLPLPDLQEVKRVLYGKELRKLDLPREAFEAASREDFELQGYAFEAAEEQLRRPRIVHVGLVQNRIPLPANAPVAEQVSALHRRIKAIVEVAAMCGVNIICFQEAWTMPFAFCTREKLPWTEFAESAEDGPTTRFCQKLAKNHDMVVVSPILERDSEHGDVLWNTAVVISNSGAVLGKTRKNHIPRVGDFNESTYYMEGNLGHPVFQTQFGRIAVNICYGRHHPLNWLMYSINGAEIIFNPSATIGALSESLWPIEARNAAIANHCFTCAINRVGTEHFPNEFTSGDGKKAHQDFGYFYGSSYVAAPDSSRTPGLSRSRDGLLVAKLDLNLCQQVNDVWNFKMTGRYEMYARELAEAVKSNYSPTIVKE
hsa00983,MLASGMLLVALLVCLTVMVLMSVWQQRKSKGKLPPGPTPLPFIGNYLQLNTEQMYNSLMKISERYGPVFTIHLGPRRVVVLCGHDAVREALVDQAEEFSGRGEQATFDWVFKGYGVVFSNGERAKQLRRFSIATLRDFGVGKRGIEERIQEEAGFLIDALRGTGGANIDPTFFLSRTVSNVISSIVFGDRFDYKDKEFLSLLRMMLGIFQFTSTSTGQLYEMFSSVMKHLPGPQQQAFQLLQGLEDFIAKKVEHNQRTLDPNSPRDFIDSFLIRMQEEEKNPNTEFYLKNLVMTTLNLFIGGTETVSTTLRYGFLLLMKHPEVEAKVHEEIDRVIGKNRQPKFEDRAKMPYMEAVIHEIQRFGDVIPMSLARRVKKDTKFRDFFLPKGTEVFPMLGSVLRDPSFFSNPQDFNPQHFLNEKGQFKKSDAFVPFSIGKRNCFGEGLARMELFLFFTTVMQNFRLKSSQSPKDIDVSPKHVGFATIPRNYTMSFLPR
hsa00983,MASVIPASNRSMRSDRNTYVGKRFVHVKNPYLDLMDEDILYHLDLGTKTHNLPAMFGDVKFVCVGGSPNRMKAFALFMHKELGFEEAEEDIKDICAGTDRYCMYKTGPVLAISHGMGIPSISIMLHELIKLLHHARCCDVTIIRIGTSGGIGIAPGTVVITDIAVDSFFKPRFEQVILDNIVTRSTELDKELSEELFNCSKEIPNFPTLVGHTMCTYDFYEGQGRLDGALCSFSREKKLDYLKRAFKAGVRNIEMESTVFAAMCGLCGLKAAVVCVTLLDRLDCDQINLPHDVLVEYQQRPQLLISNFIRRRLGLCD
hsa00983,MAATGANAEKAESHNDCPVRLLNPNIAKMKEDILYHFNLTTSRHNFPALFGDVKFVCVGGSPSRMKAFIRCVGAELGLDCPGRDYPNICAGTDRYAMYKVGPVLSVSHGMGIPSISIMLHELIKLLYYARCSNVTIIRIGTSGGIGILKHLRRKDTGKSKGGRERRSTKLR
hsa00983,MAATGANAEKAESHNDCPVRLLNPNIAKMKEDILYHFNLTTSRHNFPALFGDVKFVCVGGSPSRMKAFIRCVGAELGLDCPGRDYPNICAGTDRYAMYKVGPVLSVSHGMGIPSISIMLHELIKLLYYARCSNVTIIRIGTSGGIGLEPGTVVITEQAVDTCFKAEFEQIVLGKRVIRKTDLNKKLVQELLLCSAELSEFTTVVGNTMCTLDFYEGQGRLDGALCSYTEKDKQAYLEAAYAAGVRNIEMESSVFAAMCSACGLQAAVVCVTLLNRLEGDQISSPRNVLSEYQQRPQRLVSYFIKKKLSKA
hsa00983,MASAGGEDCESPAPEADRPHQRPFLIGVSGGTASGKSTVCEKIMELLGQNEVEQRQRKVVILSQDRFYKVLTAEQKAKALKGQYNFDHPDAFDNDLMHRTLKNIVEGKTVEVPTYDFVTHSRLPETTVVYPADVVLFEGILVFYSQEIRDMFHLRLFVDTDSDVRLSRRDKEVCRCDHPARSGQYGCHQPDRAAHPGHSEW
hsa00983,MASAGGEDCESPAPEADRPHQRPFLIGVSGGTASGKSTVCEKIMELLGQNEVEQRQRKVVILSQDRFYKVLTAEQKAKALKGQYNFDHPDAFDNDLMHRTLKNIVEGKTVEVPTYDFVTHSRLPETTVVYPADVVLFEGILVFYSQEIRDMFHLRLFVDTDSDVRLSRRVLRDVRRGRDLEQILTQYTTFVKPAFEEFCLPTKKYADVIIPRGVDNMVAINLIVQHIQDILNGDICKWHRGGSNGRSYKRTFSEPGDHPGMLTSGKRSHLESSSRPH
hsa00983,MAGDSEQTLQNHQQPNGGEPFLIGVSGGTASGKSSVCAKIVQLLGQNEVDYRQKQVVILSQDSFYRVLTSEQKAKALKGQFNFDHPDAFDNELILKTLKEITEGKTVQIPVYDFVSHSRKEETVTVYPADVVLFEGILAFYSQEVRDLFQMKLFVDTDADTRLSRRVLRDISERGRDLEQILSQYITFVKPAFEEFCLPTKKYADVIIPRGADNLVAINLIVQHIQDILNGGPSKRQTNGCLNGYTPSRKRQASESSSRPH
hsa00983,MAGDSEQTLQNHQQPNGGEPFLIGVSGGTASGKSSVCAKIVQLLGQNEVDYRQKQVVILSQDSFYRVLTSEQKAKALKGQFNFDHPDAFDNELILKTLKEITEGKTVQIPVYDFVSHSRKEETVTVYPADVVLFEGILAFYSQEVRDLFQMKLFVDTDADTRLSRRVLRDISERGRDLEQILSQYITFVKPAFEEFCLPTKKYADVIIPRGADNLVAINLIVQHIQDILNGGPSKRQTNGCLNGYTPSRKRQASESSSRPH
hsa00983,MAAPPARADADPSPTSPPTARDTPGRQAEKSETACEDRSNAESLDRLLPPVGTGRSPRKRTTSQCKSEPPLLRTSKRTIYTAGRPPWYNEHGTQSKEAFAIGLGGGSASGKTTVARMIIEALDVPWVVLLSMDSFYKVLTEQQQEQAAHNNFNFDHPDAFDFDLIIFTLKKLKQGKSVKVPIYDFTTHSRKKDWKTLYGANVIIFEGIMAFADKTLLELLDMKIFVDTDSDIRLVRRLRRDISERGRDIEGVIKQYNKFVKPSFDQYIQPTMRLADIVVPRGSGNTVAIDLIVQHVHSQLEERELSVRAALASAHQCHPLPRTLSVLKSTPQVRGMHTIIRDKETSRDEFIFYSKRLMRLLIEHALSFLPFQDCVVQTPQGQDYAGKCYAGKQITGVSILRAGETMEPALRAVCKDVRIGTILIQTNQLTGEPELHYLRLPKDISDDHVILMDCTVSTGAAAMMAVRVLLDHDVPEDKIFLLSLLMAEMGVHSVAYAFPRVRIITTAVDKRVNDLFRIIPGIGNFGDRYFGTDAVPDGSDEEEVAYTG
hsa00983,MAAPPARADADPSPTSPPTARDTPGRQAEKSETACEDRSNAESLDRLLPPVGTGRSPRKRTTSQCKSEPPLLRTSKRTIYTAGRPPWYNEHGTQSKEAFAIGLGGGSASGKTTVARMIIEALDVPWVVLLSMDSFYKVLTEQQQEQAAHNNFNFDHPDAFDFDLIISTLKKLKQGKSVKVPIYDFTTHSRKKDWKTLYGANVIIFEGIMAFADKTLLELLDMKIFVDTDSDIRLVRRLRRDISERGRDIEGVIKQYNKFVKPSFDQYIQPTMRLADIVVPRGSGNTVAIDLIVQHVHSQLEERELSVRAALASAHQCHPLPRTLSVLKSTPQVRGMHTIIRDKETSRDEFIFYSKRLMRLLIEHALSFLPFQDCVVQTPQGQDYAGKCYAGKQITGVSILRAGETMEPALRAVCKDVRIGTILIQTNQLTGEPELHYLRLPKDISDDHVILMDCTVSTGAAAMMAVRVLLDHDVPEDKIFLLSLLMAEMGVHSVAYAFPRVRIITTAVDKRVNDLFRIIPGIGNFGDRYFGTDAVPDGSDEEEVAYTG
hsa00983,MLLWPLRGWAARALRCFGPGSRGSPASGPGPRRVQRRAWPPDKEQEKEKKSVICVEGNIASGKTTCLEFFSNATDVEVLTEPVSKWRNVRGHNPLGLMYHDASRWGLTLQTYVQLTMLDRHTRPQVSSVRLMERSIHSARYIFVENLYRSGKMPEVDYVVLSEWFDWILRNMDVSVDLIVYLRTNPETCYQRLKKRCREEEKVIPLEYLEAIHHLHEEWLIKGSLFPMAAPVLVIEADHHMERMLELFEQNRDRILTPENRKHCP
hsa00983,MSCINLPTVLPGSPSKTRGQIQVILGPMFSGKSTELMRRVRRFQIAQYKCLVIKYAKDTRYSSSFCTHDRNTMEALPACLLRDVAQEALGVAVIGIDEGQFFPDIVEFCEAMANAGKTVIVAALDGTFQRKPFGAILNLVPLAESVVKLTAVCMECFREAAYTKRLGTEKEVEVIGGADKYHSVCRLCYFKKASGQPAGPDNKENCPVPGKPGEAVAARKLFAPQQILQCSPAN
hsa00983,"MAVARAALGPLVTGLYDVQAFKFGDFVLKSGLSSPIYIDLRGIVSRPRLLSQVADILFQTAQNAGISFDTVCGVPYTALPLATVICSTNQIPMLIRRKETKDYGTKRLVEGTINPGETCLIIEDVVTSGSSVLETVEVLQKEGLKVTDAIVLLDREQGGKDKLQAHGIRLHSVCTLSKMLEILEQQKKVDAETVGRVKRFIQENVFVAANHNGSPLSIKEAPKELSFGARAELPRIHPVASKLLRLMQKKETNLCLSADVSLARELLQLADALGPSICMLKTHVDILNDFTLDVMKELITLAKCHEFLIFEDRKFADIGNTVKKQYEGGIFKIASWADLVNAHVVPGSGVVKGLQEVGLPLHRGCLLIAEMSSTGSLATGDYTRAAVRMAEEHSEFVVGFISGSRVSMKPEFLHLTPGVQLEAGGDNLGQQYNSPQEVIGKRGSDIIIVGRGIISAADRLEAAEMYRKAAWEAYLSRLGV"""
hsa00983,"MAVARAALGPLVTGLYDVQAFKFGDFVLKSGLSSPIYIDLRGIVSRPRLLSQVADILFQTAQNAGISFDTVCGVPYTALPLATVICSTNQIPMLIRRKETKDYGTKRLVEGTINPGETCLIIEDVVTSGSSVLETVEVLQKEGLKVTDAIVLLDREQGGKDKLQAHGIRLHSVCTLSKMLEILEQQKKVDAETVGRVKRFIQENVFVAANHNGSPLSIKEAPKELSFGARAELPRIHPVASKLLRLMQKKETNLCLSADVSLARELLQLADALGPSICMLKTHVDILNDFTLDVMKELITLAKCHEFLIFEDRKFADIGNTVKKQYEGGIFKIASWADLVNAHVVPGSGVVKGLQEVGLPLHRGCLLIAEMSSTGSLATGDYTRAAVRMAEEHSEFVVGFISGSRVSMKPEFLHLTPGVQLEAGGDNLGQQYNSPQEVIGKRGSDIIIVGRGIISAADRLEAAEMYRKAAWEAYLSRLGV"""
hsa00983,MDIEAYFERIGYKNSRNKLDLETLTDILEHQIRAVPFENLNMHCGQAMELGLEAIFDHIVRRNRGGWCLQVNQLLYWALTTIGFQTTMLGGYFYIPPVNKYSTGMVHLLLQVTIDGRNYIVDAGSGSSSQMWQPLELISGKDQPQVPCIFCLTEERGIWYLDQIRREQYITNKEFLNSHLLPKKKHQKIYLFTLEPRTIEDFESMNTYLQTSPTSSFITTSFCSLQTPEGVYCLVGFILTYRKFNYKDNTDLVEFKTLTEEEVEEVLRNIFKISLGRNLVPKPGDGSLTI
hsa00983,MDIEAYFERIGYKNSRNKLDLETLTDILEHQIRAVPFENLNMHCGQAMELGLEAIFDHIVRRNRGGWCLQVNQLLYWALTTIGFQTTMLGGYFYIPPVNKYSTGMVHLLLQVTIDGRNYIVDAGSGSSSQMWQPLELISGKDQPQVPCIFCLTEERGIWYLDQIRREQYITNKEFLNSHLLPKKKHQKIYLFTLEPRTIEDFESMNTYLQTSPTSSFITTSFCSLQTPEGVYCLVGFILTYRKFNYKDNTDLVEFKTLTEEEVEEVLKNIFKISLGRNLVPKPGDGSLTI
hsa00983,MDIEAYLERIGYKKSRNKLDLETLTDILQHQIRAVPFENLNIHCGDAMDLGLEAIFDQVVRRNRGGWCLQVNHLLYWALTTIGFETTMLGGYVYSTPAKKYSTGMIHLLLQVTIDGRNYIVDAGFGRSYQMWQPLELISGKDQPQVPCVFRLTEENGFWYLDQIRREQYIPNEEFLHSDLLEDSKYRKIYSFTLKPRTIEDFESMNTYLQTSPSSVFTSKSFCSLQTPDGVHCLVGFTLTHRRFNYKDNTDLIEFKTLSEEEIEKVLKNIFNISLQRKLVPKHGDRFFTI
hsa05204,MLFPISMSATEFLLASVIFCLVFWVIRASRPQVPKGLKNPPGPWGWPLIGHMLTLGKNPHLALSRMSQQYGDVLQIRIGSTPVVVLSGLDTIRQALVRQGDDFKGRPDLYTFTLISNGQSMSFSPDSGPVWAARRRLAQNGLKSFSIASDPASSTSCYLEEHVSKEAEVLISTLQELMAGPGHFNPYRYVVVSVTNVICAICFGRRYDHNHQELLSLVNLNNNFGEVVGSGNPADFIPILRYLPNPSLNAFKDLNEKFYSFMQKMVKEHYKTFEKGHIRDITDSLIEHCQEKQLDENANVQLSDEKIINIVLDLFGAGFDTVTTAISWSLMYLVMNPRVQRKIQEELDTVIGRSRRPRLSDRSHLPYMEAFILETFRHSSFVPFTIPHSTTRDTSLKGFYIPKGRCVFVNQWQINHDQKLWVNPSEFLPERFLTPDGAIDKVLSEKVIIFGMGKRKCIGETIARWEVFLFLAILLQRVEFSVPLGVKVDMTPIYGLTMKHACCEHFQMQLRS
hsa05204,MLFPISMSATEFLLASVIFCLVFWVIRASRPQVPKGLKNPPGPWGWPLIGHMLTLGKNPHLALSRMSQQYGDVLQIRIGSTPVVVLSGLDTIRQALVRQGDDFKGRPDLYTFTLISNGQSMSFSPDSGPVWAARRRLAQNGLKSFSIASDPASSTSCYLEEHVSKEAEVLISTLQELMAGPGHFNPYRYVVVSVTNVICAICFGRRYDHNHQELLSLVNLNNNFGEVVGSGNPADFIPILRYLPNPSLNAFKDLNEKFYSFMQKMVKEHYKTFEKGHIRDITDSLIEHCQEKQLDENANVQLSDEKIINIVLDLFGAGFDTVTTAISWSLMYLVMNPRVQRKIQEELDTVIGRSRRPRLSDRSHLPYMEAFILETFRHSSFVPFTIPHSTTRDTSLKGFYIPKGRCVFVNQWQINHDQKLWVNPSEFLPERFLTPDGAIDKVLSEKVIIFGMGKRKCIGETIARWEVFLFLAILLQRVEFSVPLGVKVDMTPIYGLTMKHACCEHFQMQLRS
hsa05204,MALIPDLAMETWLLLAVSLVLLYLYGTHSHGLFKKLGIPGPTPLPFLGNILSYHKGFCMFDMECHKKYGKVWGFYDGQQPVLAITDPDMIKTVLVKECYSVFTNRRPFGPVGFMKSAISIAEDEEWKRLRSLLSPTFTSGKLKEMVPIIAQYGDVLVRNLRREAETGKPVTLKDVFGAYSMDVITSTSFGVNIDSLNNPQDPFVENTKKLLRFDFLDPFFLSITVFPFLIPILEVLNICVFPREVTNFLRKSVKRMKESRLEDTQKHRVDFLQLMIDSQNSKETESHKALSDLELVAQSIIFIFAGYETTSSVLSFIMYELATHPDVQQKLQEEIDAVLPNKAPPTYDTVLQMEYLDMVVNETLRLFPIAMRLERVCKKDVEINGMFIPKGVVVMIPSYALHRDPKYWTEPEKFLPERFSKKNKDNIDPYIYTPFGSGPRNCIGMRFALMNMKLALIRVLQNFSFKPCKETQIPLKLSLGGLLQPEKPVVLKVESRDGTVSGA
hsa05204,MALIPDLAMETWLLLAVSLVLLYLYGTHSHGLFKKLGIPGPTPLPFLGNILSYHKGFCMFDMECHKKYGKVWGFYDGQQPVLAITDPDMIKTVLVKECYSVFTNRRPFGPVGFMKSAISIAEDEEWKRLRSLLSPTFTSGKLKEMVPIIAQYGDVLVRNLRREAETGKPVTLKDVFGAYSMDVITSTSFGVNIDSLNNPQDPFVENTKKLLRFDFLDPFFLSITVFPFLIPILEVLNICVFPREVTNFLRKSVKRMKESRLEDTQKHRVDFLQLMIDSQNSKETESHKALSDLELVAQSIIFIFAGYETTSSVLSFIMYELATHPDVQQKLQEEIDAVLPNKAPPTYDTVLQMEYLDMVVNETLRLFPIAMRLERVCKKDVEINGMFIPKGVVVMIPSYALHRDPKYWTEPEKFLPERFSKKNKDNIDPYIYTPFGSGPRNCIGMRFALMNMKLALIRVLQNFSFKPCKETQIPLKLSLGGLLQPEKPVVLKVESRDGTVSGA
hsa05204,MDLIPNLAVETWLLLAVSLVLLYLYGTRTHGLFKRLGIPGPTPLPLLGNVLSYRQGLWKFDTECYKKYGKMWGTYEGQLPVLAITDPDVIRTVLVKECYSVFTNRRSLGPVGFMKSAISLAEDEEWKRIRSLLSPTFTSGKLKEMFPIIAQYGDVLVRNLRREAEKGKPVTLKDIFGAYSMDVITGTSFGVNIDSLNNPQDPFVESTKKFLKFGFLDPLFLSIILFPFLTPVFEALNVSLFPKDTINFLSKSVNRMKKSRLNDKQKHRLDFLQLMIDSQNSKETESHKALSDLELAAQSIIFIFAGYETTSSVLSFTLYELATHPDVQQKLQKEIDAVLPNKAPPTYDAVVQMEYLDMVVNETLRLFPVAIRLERTCKKDVEINGVFIPKGSMVVIPTYALHHDPKYWTEPEEFRPERFSKKKDSIDPYIYTPFGTGPRNCIGMRFALMNMKLALIRVLQNFSFKPCKETQIPLKLDTQGLLQPEKPIVLKVDSRDGTLSGE
hsa05204,MDLIPNLAVETWLLLAVSLILLYLYGTRTHGLFKKLGIPGPTPLPFLGNALSFRKGYWTFDMECYKKYRKVWGIYDCQQPMLAITDPDMIKTVLVKECYSVFTNRRPFGPVGFMKNAISIAEDEEWKRIRSLLSPTFTSGKLKEMVPIIAQYGDVLVRNLRREAETGKPVTLKHVFGAYSMDVITSTSFGVSIDSLNNPQDPFVENTKKLLRFNPLDPFVLSIKVFPFLTPILEALNITVFPRKVISFLTKSVKQIKEGRLKETQKHRVDFLQLMIDSQNSKDSETHKALSDLELMAQSIIFIFAGYETTSSVLSFIIYELATHPDVQQKVQKEIDTVLPNKAPPTYDTVLQLEYLDMVVNETLRLFPVAMRLERVCKKDVEINGMFIPKGVVVMIPSYVLHHDPKYWREPEKFLPERFSKKNKDNIDPYIYTPFGSGPRNCIGMRFALVNMKLALVRVLQNFSFKPCKETQIPLKLRFGGLLLTEKPIVLKAESRDETVSGA
hsa05204,MDLIPNFAMETWVLVATSLVLLYIYGTHSHKLFKKLGIPGPTPLPFLGTILFYLRGLWNFDRECNEKYGEMWGLYEGQQPMLVIMDPDMIKTVLVKECYSVFTNQMPLGPMGFLKSALSFAEDEEWKRIRTLLSPAFTSVKFKEMVPIISQCGDMLVRSLRQEAENSKSINLKDFFGAYTMDVITGTLFGVNLDSLNNPQDPFLKNMKKLLKLDFLDPFLLLISLFPFLTPVFEALNIGLFPKDVTHFLKNSIERMKESRLKDKQKHRVDFFQQMIDSQNSKETKSHKALSDLELVAQSIIIIFAAYDTTSTTLPFIMYELATHPDVQQKLQEEIDAVLPNKAPVTYDALVQMEYLDMVVNETLRLFPVVSRVTRVCKKDIEINGVFIPKGLAVMVPIYALHHDPKYWTEPEKFCPERFSKKNKDSIDLYRYIPFGAGPRNCIGMRFALTNIKLAVIRALQNFSFKPCKETQIPLKLDNLPILQPEKPIVLKVHLRDGITSGP
hsa05204,MLARALLLCAVLALSHTANPCCSHPCQNRGVCMSVGFDQYKCDCTRTGFYGENCSTPEFLTRIKLFLKPTPNTVHYILTHFKGFWNVVNNIPFLRNAIMSYVLTSRSHLIDSPPTYNADYGYKSWEAFSNLSYYTRALPPVPDDCPTPLGVKGKKQLPDSNEIVEKLLLRRKFIPDPQGSNMMFAFFAQHFTHQFFKTDHKRGPAFTNGLGHGVDLNHIYGETLARQRKLRLFKDGKMKYQIIDGEMYPPTVKDTQAEMIYPPQVPEHLRFAVGQEVFGLVPGLMMYATIWLREHNRVCDVLKQEHPEWGDEQLFQTSRLILIGETIKIVIEDYVQHLSGYHFKLKFDPELLFNKQFQYQNRIAAEFNTLYHWHPLLPDTFQIHDQKYNYQQFIYNNSILLEHGITQFVESFTRQIAGRVAGGRNVPPAVQKVSQASIDQSRQMKYQSFNEYRKRFMLKPYESFEELTGEKEMSAELEALYGDIDAVELYPALLVEKPRPDAIFGETMVEVGAPFSLKGLMGNVICSPAYWKPSTFGGEVGFQIINTASIQSLICNNVKGCPFTSFSVPDPELIKTVTINASSSRSGLDDINPTVLLKERSTEL
hsa05204,MDIEAYFERIGYKNSRNKLDLETLTDILEHQIRAVPFENLNMHCGQAMELGLEAIFDHIVRRNRGGWCLQVNQLLYWALTTIGFQTTMLGGYFYIPPVNKYSTGMVHLLLQVTIDGRNYIVDAGSGSSSQMWQPLELISGKDQPQVPCIFCLTEERGIWYLDQIRREQYITNKEFLNSHLLPKKKHQKIYLFTLEPRTIEDFESMNTYLQTSPTSSFITTSFCSLQTPEGVYCLVGFILTYRKFNYKDNTDLVEFKTLTEEEVEEVLRNIFKISLGRNLVPKPGDGSLTI
hsa05204,MDIEAYFERIGYKNSRNKLDLETLTDILEHQIRAVPFENLNMHCGQAMELGLEAIFDHIVRRNRGGWCLQVNQLLYWALTTIGFQTTMLGGYFYIPPVNKYSTGMVHLLLQVTIDGRNYIVDAGSGSSSQMWQPLELISGKDQPQVPCIFCLTEERGIWYLDQIRREQYITNKEFLNSHLLPKKKHQKIYLFTLEPRTIEDFESMNTYLQTSPTSSFITTSFCSLQTPEGVYCLVGFILTYRKFNYKDNTDLVEFKTLTEEEVEEVLKNIFKISLGRNLVPKPGDGSLTI
hsa05204,MDIEAYLERIGYKKSRNKLDLETLTDILQHQIRAVPFENLNIHCGDAMDLGLEAIFDQVVRRNRGGWCLQVNHLLYWALTTIGFETTMLGGYVYSTPAKKYSTGMIHLLLQVTIDGRNYIVDAGFGRSYQMWQPLELISGKDQPQVPCVFRLTEENGFWYLDQIRREQYIPNEEFLHSDLLEDSKYRKIYSFTLKPRTIEDFESMNTYLQTSPSSVFTSKSFCSLQTPDGVHCLVGFTLTHRRFNYKDNTDLIEFKTLSEEEIEKVLKNIFNISLQRKLVPKHGDRFFTI
hsa05204,MALSQSVPFSATELLLASAIFCLVFWVLKGLRPRVPKGLKSPPEPWGWPLLGHVLTLGKNPHLALSRMSQRYGDVLQIRIGSTPVLVLSRLDTIRQALVRQGDDFKGRPDLYTSTLITDGQSLTFSTDSGPVWAARRRLAQNALNTFSIASDPASSSSCYLEEHVSKEAKALISRLQELMAGPGHFDPYNQVVVSVANVIGAMCFGQHFPESSDEMLSLVKNTHEFVETASSGNPLDFFPILRYLPNPALQRFKAFNQRFLWFLQKTVQEHYQDFDKNSVRDITGALFKHSKKGPRASGNLIPQEKIVNLVNDIFGAGFDTVTTAISWSLMYLVTKPEIQRKIQKELDTVIGRERRPRLSDRPQLPYLEAFILETFRHSSFLPFTIPHSTTRDTTLNGFYIPKKCCVFVNQWQVNHDPELWEDPSEFRPERFLTADGTAINKPLSEKMMLFGMGKRRCIGEVLAKWEIFLFLAILLQQLEFSVPPGVKVDLTPIYGLTMKHARCEHVQARRFSIN
hsa05204,MELIQDISRPPLEYVKGVPLIKYFAEALGPLQSFQARPDDLLISTYPKSGTTWVSQILDMIYQGGDLEKCHRAPIFMRVPFLEFKVPGIPSGMETLKNTPAPRLLKTHLPLALLPQTLLDQKVKVVYVARNAKDVAVSYYHFYHMAKVYPHPGTWESFLEKFMAGEVSYGSWYQHVQEWWELSRTHPVLYLFYEDMKENPKREIQKILEFVGRSLPEETVDLMVEHTSFKEMKKNPMTNYTTVRREFMDHSISPFMRKGMAGDWKTTFTVAQNERFDADYAKKMAGCSLSFRSEL
hsa05204,MELIQDTSRPPLEYVKGVPLIKYFAEALGPLQSFQARPDDLLISTYPKSGTTWVSQILDMIYQGGDLEKCHRAPIFMRVPFLEFKAPGIPSGMETLKDTPAPRLLKTHLPLALLPQTLLDQKVKVVYVARNAKDVAVSYYHFYHMAKVHPEPGTWDSFLEKFMVGEVSYGSWYQHVQEWWELSRTHPVLYLFYEDMKENPKREIQKILEFVGRSLPEETVDFVVQHTSFKEMKKNPMTNYTTVPQEFMDHSISPFMRKGMAGDWKTTFTVAQNERFDADYAEKMAGCSLSFRSEL
hsa05204,MELIQDTSRPPLEYVKGVPLIKYFAEALGPLQSFQARPDDLLINTYPKSGTTWVSQILDMIYQGGDLEKCNRAPIYVRVPFLEVNDPGEPSGLETLKDTPPPRLIKSHLPLALLPQTLLDQKVKVVYVARNPKDVAVSYYHFHRMEKAHPEPGTWDSFLEKFMAGEVSYGSWYQHVQEWWELSRTHPVLYLFYEDMKENPKREIQKILEFVGRSLPEETMDFMVQHTSFKEMKKNPMTNYTTVPQELMDHSISPFMRKGMAGDWKTTFTVAQNERFDADYAEKMAGCSLSFRSEL
hsa05204,MELIQDTSRPPLEYVKGVPLIKYFAEALGPLQSFQARPDDLLINTYPKSGTTWVSQILDMIYQGGDLEKCNRAPIYVRVPFLEVNDPGEPSGLETLKDTPPPRLIKSHLPLALLPQTLLDQKVKVVYVARNPKDVAVSYYHFHRMEKAHPEPGTWDSFLEKFMAGEVSYGSWYQHVQEWWELSRTHPVLYLFYEDMKENPKREIQKILEFVGRSLPEETMDFMVQHTSFKEMKKNPMTNYTTVPQELMDHSISPFMRKGMAGDWKTTFTVAQNERFDADYAEKMAGCSLSFRSEL
hsa05204,MELIQDTSRPPLEYVKGVPLIKYFAEALGPLQSFQARPDDLLINTYPKSGTTWVSQILDMIYQGGDLEKCNRAPIYVRVPFLEVNDPGEPSGLETLKDTPPPRLIKSHLPLALLPQTLLDQKVKVVYVARNPKDVAVSYYHFHRMEKAHPEPGTWDSFLEKFMAGEVSYGSWYQHVQEWWELSRTHPVLYLFYEDMKENPKREIQKILEFVGRSLPEETMDFMVQHTSFKEMKKNPMTNYTTVPQELMDHSISPFMRKGMAGDWKTTFTVAQNERFDADYAEKMAGCSLSFRSEL
hsa05204,MGTSLSPNDPWPLNPLSIQQTTLLLLLSVLATVHVGQRLLRQRRRQLRSAPPGPFAWPLIGNAAAVGQAAHLSFARLARRYGDVFQIRLGSCPIVVLNGERAIHQALVQQGSAFADRPAFASFRVVSGGRSMAFGHYSEHWKVQRRAAHSMMRNFFTRQPRSRQVLEGHVLSEARELVALLVRGSADGAFLDPRPLTVVAVANVMSAVCFGCRYSHDDPEFRELLSHNEEFGRTVGAGSLVDVMPWLQYFPNPVRTVFREFEQLNRNFSNFILDKFLRHCESLRPGAAPRDMMDAFILSAEKKAAGDSHGGGARLDLENVPATITDIFGASQDTLSTALQWLLLLFTRYPDVQTRVQAELDQVVGRDRLPCMGDQPNLPYVLAFLYEAMRFSSFVPVTIPHATTANTSVLGYHIPKDTVVFVNQWSVNHDPLKWPNPENFDPARFLDKDGLINKDLTSRVMIFSVGKRRCIGEELSKMQLFLFISILAHQCDFRANPNEPAKMNFSYGLTIKPKSFKVNVTLRESMELLDSAVQNLQAKETCQ
hsa05204,MGTSLSPNDPWPLNPLSIQQTTLLLLLSVLATVHVGQRLLRQRRRQLRSAPPGPFAWPLIGNAAAVGQAAHLSFARLARRYGDVFQIRLGSCPIVVLNGERAIHQALVQQGSAFADRPAFASFRVVSGGRSMAFGHYSEHWKVQRRAAHSMMRNFFTRQPRSRQVLEGHVLSEARELVALLVRGSADGAFLDPRPLTVVAVANVMSAVCFGCRYSHDDPEFRELLSHNEEFGRTVGAGSLVDVMPWLQYFPNPVRTVFREFEQLNRNFSNFILDKFLRHCESLRPGAAPRDMMDAFILSAEKKAAGDSHGGGARLDLENVPATITDIFGASQDTLSTALQWLLLLFTRYPDVQTRVQAELDQVVGRDRLPCMGDQPNLPYVLAFLYEAMRFSSFVPVTIPHATTANTSVLGYHIPKDTVVFVNQWSVNHDPVKWPNPENFDPARFLDKDGLINKDLTSRVMIFSVGKRRCIGEELSKMQLFLFISILAHQCDFRANPNEPAKMNFSYGLTIKPKSFKVNVTLRESMELLDSAVQNLQAKETCQ
hsa05204,MEPFVVLVLCLSFMLLFSLWRQSCRRRKLPPGPTPLPIIGNMLQIDVKDICKSFTNFSKVYGPVFTVYFGMNPIVVFHGYEAVKEALIDNGEEFSGRGNSPISQRITKGLGIISSNGKRWKEIRRFSLTTLRNFGMGKRSIEDRVQEEAHCLVEELRKTKASPCDPTFILGCAPCNVICSVVFQKRFDYKDQNFLTLMKRFNENFRILNSPWIQVCNNFPLLIDCFPGTHNKVLKNVALTRSYIREKVKEHQASLDVNNPRDFIDCFLIKMEQEKDNQKSEFNIENLVGTVADLFVAGTETTSTTLRYGLLLLLKHPEVTAKVQEEIDHVIGRHRSPCMQDRSHMPYTDAVVHEIQRYSDLVPTGVPHAVTTDTKFRNYLIPKGTTIMALLTSVLHDDKEFPNPNIFDPGHFLDKNGNFKKSDYFMPFSAGKRICAGEGLARMELFLFLTTILQNFNLKSVDDLKNLNTTAVTKGIVSLPPSYQICFIPV
hsa05204,MDSLVVLVLCLSCLLLLSLWRQSSGRGKLPPGPTPLPVIGNILQIGIKDISKSLTNLSKVYGPVFTLYFGLKPIVVLHGYEAVKEALIDLGEEFSGRGIFPLAERANRGFGIVFSNGKKWKEIRRFSLMTLRNFGMGKRSIEDRVQEEARCLVEELRKTKASPCDPTFILGCAPCNVICSIIFHKRFDYKDQQFLNLMEKLNENIKILSSPWIQICNNFSPIIDYFPGTHNKLLKNVAFMKSYILEKVKEHQESMDMNNPQDFIDCFLMKMEKEKHNQPSEFTIESLENTAVDLFGAGTETTSTTLRYALLLLLKHPEVTAKVQEEIERVIGRNRSPCMQDRSHMPYTDAVVHEVQRYIDLLPTSLPHAVTCDIKFRNYLIPKGTTILISLTSVLHDNKEFPNPEMFDPHHFLDEGGNFKKSKYFMPFSAGKRICVGEALAGMELFLFLTSILQNFNLKSLVDPKNLDTTPVVNGFASVPPFYQLCFIPV
hsa05204,MDSLVVLVLCLSCLLLLSLWRQSSGRGKLPPGPTPLPVIGNILQIGIKDISKSLTNLSKVYGPVFTLYFGLKPIVVLHGYEAVKEALIDLGEEFSGRGIFPLAERANRGFGIVFSNGKKWKEIRRFSLMTLRNFGMGKRSIEDRVQEEARCLVEELRKTKASPCDPTFILGCAPCNVICSIIFHKRFDYKDQQFLNLMEKLNENIKILSSPWIQICNNFSPIIDYFPGTHNKLLKNVAFMKSYILEKVKEHQESMDMNNPQDFIDCFLMKMEKEKHNQPSEFTIESLENTAVDLFGAGTETTSTTLRYALLLLLKHPEVTAKVQEEIERVIGRNRSPCMQDRSHMPYTDAVVHEVQRYIDLLPTSLPHAVTCDIKFRNYLIPKGTTILISLTSVLHDNKEFPNPEMFDPHHFLDEGGNFKKSKYFMPFSAGKRICVGEALAGMELFLFLTSILQNFNLKSLVDPKNLDTTPVVNGFASVPPFYQLCFIPV
hsa05204,MDPAVALVLCLSCLFLLSLWRQSSGRGRLPSGPTPLPIIGNILQLDVKDMSKSLTNFSKVYGPVFTVYFGLKPIVVLHGYEAVKEALIDHGEEFSGRGSFPVAEKVNKGLGILFSNGKRWKEIRRFCLMTLRNFGMGKRSIEDRVQEEARCLVEELRKTNASPCDPTFILGCAPCNVICSVIFHDRFDYKDQRFLNLMEKFNENLRILSSPWIQVCNNFPALIDYLPGSHNKIAENFAYIKSYVLERIKEHQESLDMNSARDFIDCFLIKMEQEKHNQQSEFTVESLIATVTDMFGAGTETTSTTLRYGLLLLLKYPEVTAKVQEEIECVVGRNRSPCMQDRSHMPYTDAVVHEIQRYIDLLPTNLPHAVTCDVKFKNYLIPKGTTIITSLTSVLHNDKEFPNPEMFDPGHFLDKSGNFKKSDYFMPFSAGKRMCMGEGLARMELFLFLTTILQNFNLKSQVDPKDIDITPIANAFGRVPPLYQLCFIPV
hsa05204,EIRRFCLMTLRNFGMGKRSIEDRVQEEARCLVEELRKTNASPCDPAFILGCAPCNVICSVIFHDRFDYKDQRFLNLMEKFNENLRILSSPWIQEKHNQQSEFTVESLIATVTDMFGAGTETTSTTLRYGLLLLLKYPEVTAKVQEEIECVVGRNRSPCMQDRSHMPYTDAVVHEIQRYIDLLPTNLPHAVTCDVKFKNYLIPKGTTIITSLTSVLHNDKEFPNPEMFDPGHFLDKSGNFKKSDYFMPFSAGKRMCMGEGLARMELFLFLTTILQNFNLKSQVDPKDIDITPIANAFGRVPPLYQLCFIPV
hsa05204,MDPFVVLVLCLSCLLLLSIWRQSSGRGKLPPGPTPLPVIGNILQIDIKDVSKSLTNLSKIYGPVFTLYFGLERMVVLHGYEVVKEALIDLGEEFSGRGHFPLAERANRGFGIVFSNGKRWKEIRRFSLMTLRNFGMGKRSIEDRVQEEARCLVEELRKTKASPCDPTFILGCAPCNVICSIIFQKRFDYKDQQFLNLMEKLNENIRIVSTPWIQICNNFPTIIDYFPGTHNKLLKNLAFMESDILEKVKEHQESMDINNPRDFIDCFLIKMEKEKQNQQSEFTIENLVITAADLLGAGTETTSTTLRYALLLLLKHPEVTAKVQEEIERVVGRNRSPCMQDRGHMPYTDAVVHEVQRYIDLIPTSLPHAVTCDVKFRNYLIPKGTTILTSLTSVLHDNKEFPNPEMFDPRHFLDEGGNFKKSNYFMPFSAGKRICVGEGLARMELFLFLTFILQNFNLKSLIDPKDLDTTPVVNGFASVPPFYQLCFIPV
hsa05204,MWLEILLTSVLGFAIYWFISRDKEETLPLEDGWWGPGTRSAAREDDSIRPFKVETSDEEIHDLHQRIDKFRFTPPLEDSCFHYGFNSNYLKKVISYWRNEFDWKKQVEILNRYPHFKTKIEGLDIHFIHVKPPQLPAGHTPKPLLMVHGWPGSFYEFYKIIPLLTDPKNHGLSDEHVFEVICPSIPGYGFSEASSKKGFNSVATARIFYKLMLRLGFQEFYIQGGDWGSLICTNMAQLVPSHVKGLHLNMALVLSNFSTLTLLLGQRFGRFLGLTERDVELLYPVKEKVFYSLMRESGYMHIQCTKPDTVGSALNDSPVGLAAYILEKFSTWTNTEFRYLEDGGLERKFSLDDLLTNVMLYWTTGTIISSQRFYKENLGQGWMTQKHERMKVYVPTGFSAFPFELLHTPEKWVRFKYPKLISYSYMVRGGHFAAFEEPELLAQDIRKFLSVLERQ
hsa05204,MWLEILLTSVLGFAIYWFISRDKEETLPLEDGWWGPGTRSAAREDDSIRPFKVETSDEEIHDLHQRIDKFRFTPPLEDSCFHYGFNSNYLKKVISYWRNEFDWKKQVEILNRYPHFKTKIEGLDIHFIHVKPPQLPAGHTPKPLLMVHGWPGSFYEFYKIIPLLTDPKNHGLSDEHVFEVICPSIPGYGFSEASSKKGFNSVATARIFYKLMLRLGFQEFYIQGGDWGSLICTNMAQLVPSHVKGLHLNMALVLSNFSTLTLLLGQRFGRFLGLTERDVELLYPVKEKVFYSLMRESGYMHIQCTKPDTVGSALNDSPVGLAAYILEKFSTWTNTEFRYLEDGGLERKFSLDDLLTNVMLYWTTGTIISSQRFYKENLGQGWMTQKHERMKVYVPTGFSAFPFELLHTPEKWVRFKYPKLISYSYMVRGGHFAAFEEPELLAQDIRKFLSVLERQ
hsa05204,MAATTANPEMTSDVPSLGPAIASGNSGPGIQGGGAIVQRAIKRRPGLDFDDDGEGNSKFLRCDDDQMSNDKERFARENHSEIERRRRNKMTAYITELSDMVPTCSALARKPDKLTILRMAVSHMKSLRGTGNTSTDGSYKPSFLTDQELKHLILEAADGFLFIVSCETGRVVYVSDSVTPVLNQPQSEWFGSTLYDQVHPDDVDKLREQLSTSENALTGRILDLKTGTVKKEGQQSSMRMCMGSRRSFICRMRCGSSSVDPVSVNRLSFVRNRCRNGLGSVKDGEPHFVVVHCTGYIKAWPPAGVSLPDDDPEAGQGSKFCLVAIGRLQVTSSPNCTDMSNVCQPTEFISRHNIEGIFTFVDHRCVATVGYQPQELLGKNIVEFCHPEDQQLLRDSFQQVVKLKGQVLSVMFRFRSKNQEWLWMRTSSFTFQNPYSDEIEYIICTNTNVKNSSQEPRPTLSNTIQRPQLGPTANLPLEMGSGQLAPGQQQQQTELDMVPGRDGLASYNHSQVVQPVTTTGPEHSKPLEKSDGLFAQDRDPRFSEIYHNINADQSKGISSSTVPATQQLFSQGNTFPPTPRPAENFRNSGLAPPVTIVQPSASAGQMLAQISRHSNPTQGATPTWTPTTRSGFSAQVATQATAKTRTSQFGVGSFQTPSSFSSMSLPGAPTASPGAAAYPSLTNRGSNFAPETGQTAGQFQTRTAEGVGVWPQWQGQQPHHRSSSSEQHVQQPPAQQPGQPEVFQEMLSMLGDQSNSYNNEEFPDLTMFPPFSE
hsa05204,MAATTANPEMTSDVPSLGPAIASGNSGPGIQGGGAIVQRAIKRRPGLDFDDDGEGNSKFLRCDDDQMSNDKERFARSDDEQSSADKERLARENHSEIERRRRNKMTAYITELSDMVPTCSALARKPDKLTILRMAVSHMKSLRGTGNTSTDGSYKPSFLTDQELKHLILEAADGFLFIVSCETGRVVYVSDSVTPVLNQPQSEWFGSTLYDQVHPDDVDKLREQLSTSENALTGRILDLKTGTVKKEGQQSSMRMCMGSRRSFICRMRCGSSSVDPVSVNRLSFVRNRCRNGLGSVKDGEPHFVVVHCTGYIKAWPPAGVSLPDDDPEAGQGSKFCLVAIGRLQVTSSPNCTDMSNVCQPTEFISRHNIEGIFTFVDHRCVATVGYQPQELLGKNIVEFCHPEDQQLLRDSFQQVVKLKGQVLSVMFRFRSKNQEWLWMRTSSFTFQNPYSDEIEYIICTNTNVKNSSQEPRPTLSNTIQRPQLGPTANLPLEMGSGQLAPRQQQQQTELDMVPGRDGLASYNHSQVVQPVTTTGPEHSKPLEKSDGLFAQDRDPRFSEIYHNINADQSKGISSSTVPATQQLFSQGNTFPPTPRPAENFRNSGLAPPVTIVQPSASAGQMLAQISRHSNPTQGATPTWTPTTRSGFSAQQVATQATAKTRTSQFGVGSFQTPSSFSSMSLPGAPTASPGAAAYPSLTNRGSNFAPETGQTAGQFQTRTAEGVGVWPQWQGQQPHHRSSSSEQHVQQPPAQQPGQPEVFQEMLSMLGDQSNSYNNEEFPDLTMFPPFSE
hsa05204,MAEKPKLHYSNARGSMESIRWLLAAAGVELEEKFLESAEDLDKLRNDGSLLFQQVPMVEIDGMKLVQTRAILNYIASKYNLYGKDMKERALIDMYTEGIVDLTEMILLLLICQPEERDAKTALVKEKIKNRYFPAFEKVLKSHRQDYLVGNKLSWADIHLVELFYYVEELDSSLISSFPLLKALKTRISNLPTVKKFLQPGSQRKPPMDEKSLEEARKIFRF
hsa05204,MAEKPKLHYSNIRGRMESIRWLLAAAGVEFEEKFIKSAEDLDKLRNDGYLMFQQVPMVEIDGMKLVQTRAILNYIASKYNLYGKDIKEKALIDMYIEGIADLGEMILLLPFTQPEEQDAKLALIQEKTKNRYFPAFEKVLKSHGQDYLVGNKLSRADIHLVELLYYVKELDSSLISSFPLLKALKTRISNLPTVKKFLQPGSPRKPPMDEKSLEESRKIFRF
hsa05204,MAEKPKLHYSNIRGRMESIRWLLAAAGVEFEEKFIKSAEDLDKLRNDGYLMFQQVPMVEIDGMKLVQTRAILNYIASKYNLYGKDIKEKALIDMYIEGIADLGEMILLLPFSQPEEQDAKLALIQEKTKNRYFPAFEKVLKSHGQDYLVGNKLSRADIHLVELLYYVEELDSSLISSFPLLKALKTRISNLPTVKKFLQPGSPRKPPMDEKSLEESRKIFRF
hsa05204,MAARPKLHYPNGRGRMESVRWVLAAAGVEFDEEFLETKEQLYKLQDGNHLLFQQVPMVEIDGMKLVQTRSILHYIADKHNLFGKNLKERTLIDMYVEGTLDLLELLIMHPFLKPDDQQKEVVNMAQKAIIRYFPVFEKILRGHGQSFLVGNQLSLADVILLQTILALEEKIPNILSAFPFLQEYTVKLSNIPTIKRFLEPGSKKKPPPDEIYVRTVYNIFRP
hsa05204,MAARPKLHYPNGRGRMESVRWVLAAAGVEFDEEFLETKEQLYKLQDGNHLLFQQVPMVEIDGMKLVQTRSILHYIADKHNLFGKNLKERTLIDMYVEGTLDLLELLIMHPFLKPDDQQKEVVNMAQKAIIRYFPVFEKILRGHGQSFLVGNQLSLADVILLQTILALEEKIPNILSAFPFLQEYTVKLSNIPTIKRFLEPGSKKKPPPDEIYVRTVYNIFRP
hsa05204,MSGDATRTLGKGSQPPGPVPEGLIRIYSMRFCPYSHRTRLVLKAKDIRHEVVNINLRNKPEWYYTKHPFGHIPVLETSQCQLIYESVIACEYLDDAYPGRKLFPYDPYERARQKMLLELFCKVPHLTKECLVALRCGRECTNLKAALRQEFSNLEEILEYQNTTFFGGTCISMIDYLLWPWFERLDVYGILDCVSHTPALRLWISAMKWDPTVCALLMDKSIFQGFLNLYFQNNPNAFDFGLC
hsa05204,MSMTLGYWDIRGLAHAIRLLLEYTDSSYEEKKYTMGDAPDYDRSQWLNEKFKLGLDFPNLPYLIDGAHKITQSNAILCYIARKHNLCGETEEEKIRVDILENQAMDVSNQLARVCYSPDFEKLKPEYLEELPTMMQHFSQFLGKRPWFVGDKITFVDFLAYDVLDLHRIFEPNCLDAFPNLKDFISRFEGLEKISAYMKSSRFLPKPLYTRVAVWGNK
hsa05204,MGLELFLDLVSQPSRAVYIFAKKNGIPLELRTVDLVKGQHKSKEFLQINSLGKLPTLKDGDFILTESSAILIYLSCKYQTPDHWYPSDLQARARVHEYLGWHADCIRGTFGIPLWVQVLGPLIGVQVPKEKVERNRTAMDQALQWLEDKFLGDRPFLAGQQVTLADLMALEELMQPVALGYELFEGRPRLAAWRGRVEAFLGAELCQEAHSIILSILEQAAKKTLPTPSPEAYQAMLLRIARIP
hsa05204,MGLELYLDLLSQPCRAVYIFAKKNDIPFELRIVDLIKGQHLSDAFAQVNPLKKVPALKDGDFTLTESVAILLYLTRKYKVPDYWYPQDLQARARVDEYLAWQHTTLRRSCLRALWHKVMFPVFLGEPVSPQTLAATLAELDVTLQLLEDKFLQNKAFLTGPHISLADLVAITELMHPVGAGCQVFEGRPKLATWRQRVEAAVGEDLFQEAHEVILKAKDFPPADPTIKQKLMPWVLAMIR
hsa05204,MSCESSMVLGYWDIRGLAHAIRLLLEFTDTSYEEKRYTCGEAPDYDRSQWLDVKFKLDLDFPNLPYLLDGKNKITQSNAILRYIARKHNMCGETEEEKIRVDIIENQVMDFRTQLIRLCYSSDHEKLKPQYLEELPGQLKQFSMFLGKFSWFAGEKLTFVDFLTYDILDQNRIFDPKCLDEFPNLKAFMCRFEALEKIAAYLQSDQFCKMPINNKMAQWGNKPVC
hsa05204,MSCESSMVLGYWDIRGLAHAIRLLLEFTDTSYEEKRYTCGEAPDYDRSQWLDVKFKLDLDFPNLPYLLDGKNKITQSNAILRYIARKHNMCGETEEEKIRVDIIENQVMDFRTQLIRLCYSSDHEKLKPQYLEELPGQLKQFSMFLGKFSWFAGEKLTFVDFLTYDILDQNRIFDPKCLDEFPNLKAFMCRFEALEKIAAYLQSDQFCKMPINNKMAQWGNKPVC
hsa05204,MVDLTQVMDDEVFMAFASYATIILSKMMLMSTATAFYRLTRKVFANPEDCVAFGKGENAKKYLRTDDRVERVRRAHLNDLENIIPFLGIGLLYSLSGPDPSTAILHFRLFVGARIYHTIAYLTPLPQPNRALSFFVGYGVTLSMAYRLLKSKLYL
hsa05204,MVDLTQVMDDEVFMAFASYATIILSKMMLMSTATAFYRLTRKVFANPEDCVAFGKGENAKKYLRTDDRVERVRRAHLNDLENIIPFLGIGLLYSLSGPDPSTAILHFRLFVGARIYHTIAYLTPLPQPNRALSFFVGYGVTLSMAYRLLKSKLYL
hsa05204,MAVLSKEYGFVLLTGAASFIMVAHLAINVSKARKKYKVEYPIMYSTDPENGHIFNCIQRAHQNTLEVYPPFLFFLAVGGVYHPRIASGLGLAWIVGRVLYAYGYYTGEPSKRSRGALGSIALLGLVGTTVCSAFQHLGWVKSGLGSGPKCCH
hsa05204,MAVLSKEYGFVLLTGAASFIMVAHLAINVSKARKKYKVEYPIMYSTDPENGHIFNCIQRAHQNTLEVYPPFLFFLAVGGVYHPRIASGLGLAWIVGRVLYAYGYYTGEPSKRSRGALGSIALLGLVGTTVCSAFQHLGWVKSGLGSGPKCCH
hsa05204,MPPYTVVYFPVRGRCAALRMLLADQGQSWKEEVVTVETWQEGSLKASCLYGQLPKFQDGDLTLYQSNTILRHLGRTLGLYGKDQQEAALVDMVNDGVEDLRCKYISLIYTNYEAGKDDYVKALPGQLKPFETLLSQNQGGKTFIVGDQISFADYNLLDLLLIHEVLAPGCLDAFPLLSAYVGRLSARPKLKAFLASPEYVNLPINGNGKQ
hsa05204,MPPYTVVYFPVRGRCAALRMLLADQGQSWKEEVVTVETWQEGSLKASCLYGQLPKFQDGDLTLYQSNTILRHLGRTLGLYGKDQQEAALVDMVNDGVEDLRCKYISLIYTNYEAGKDDYVKALPGQLKPFETLLSQNQGGKTFIVGDQISFADYNLLDLLLIHEVLAPGCLDAFPLLSAYVGRLSARPKLKAFLASPEYVNLPINGNGKQ
hsa05204,MPMILGYWDIRGLAHAIRLLLEYTDSSYEEKKYTMGDAPDYDRSQWLNEKFKLGLDFPNLPYLIDGAHKITQSNAILCYIARKHNLCGETEEEKIRVDILENQTMDNHMQLGMICYNPEFEKLKPKYLEELPEKLKLYSEFLGKRPWFAGNKITFVDFLVYDVLDLHRIFEPKCLDAFPNLKDFISRFEGLEKISAYMKSSRFLPRPVFSKMAVWGNK
hsa05204,MPMILGYWDIRGLAHAIRLLLEYTDSSYEEKKYTMGDAPDYDRSQWLNEKFKLGLDFPNLPYLIDGAHKITQSNAILCYIARKHNLCGETEEEKIRVDILENQTMDNHMQLGMICYNPEFEKLKPKYLEELPEKLKLYSEFLGKRPWFAGNKITFVDFLVYDVLDLHRIFEPKCLDAFPNLKDFISRFEGLEKISAYMKSSRFLPRPVFSKMAVWGNK
hsa05204,MPMTLGYWDIRGLAHAIRLLLEYTDSSYVEKKYTLGDAPDYDRSQWLNEKFKLGLDFPNLPYLIDGAHKITQSNAILRYIARKHNLCGETEEEKIRVDILENQVMDNHMELVRLCYDPDFEKLKPKYLEELPEKLKLYSEFLGKRPWFAGDKITFVDFLAYDVLDMKRIFEPKCLDAFLNLKDFISRFEGLKKISAYMKSSQFLRGLLFGKSATWNSK
hsa05204,MPMTLGYWDIRGLAHAIRLLLEYTDSSYVEKKYTLGDAPDYDRSQWLNEKFKLGLDFPNLPYLIDGAHKITQSNAILRYIARKHNLCGETEEEKIRVDILENQVMDNHMELVRLCYDPDFEKLKPKYLEELPEKLKLYSEFLGKRPWFAGDKITFVDFLAYDVLDMKRIFEPKCLDAFLNLKDFISRFEGLKKISAYMKSSQFLRGLLFGKSATWNSK
hsa05204,MAGNSILLAAVSILSACQQSYFALQVGKARLKYKVTPPAVTGSPEFERVFRAQQNCVEFYPIFIITLWMAGWYFNQVFATCLGLVYIYGRHLYFWGYSEAAKKRITGFRLSLGILALLTLLGALGIANSFLDEYLDLNIAKKLRRQF
hsa05204,MAEKPKLHYFNARGRMESTRWLLAAAGVEFEEKFIKSAEDLDKLRNDGYLMFQQVPMVEIDGMKLVQTRAILNYIASKYNLYGKDIKERALIDMYIEGIADLGEMILLLPVCPPEEKDAKLALIKEKIKNRYFPAFEKVLKSHGQDYLVGNKLSRADIHLVELLYYVEELDSSLISSFPLLKALKTRISNLPTVKKFLQPGSPRKPPMDEKSLEEARKIFRF
hsa05204,MPMTLGYWNIRGLAHSIRLLLEYTDSSYEEKKYTMGDAPDYDRSQWLNEKFKLGLDFPNLPYLIDGTHKITQSNAILRYIARKHNLCGESEKEQIREDILENQFMDSRMQLAKLCYDPDFEKLKPEYLQALPEMLKLYSQFLGKQPWFLGDKITFVDFIAYDVLERNQVFEPSCLDAFPNLKDFISRFEGLEKISAYMKSSRFLPRPVFTKMAVWGNK
hsa05204,MPMTLGYWNIRGLAHSIRLLLEYTDSSYEEKKYTMGDAPDYDRSQWLNEKFKLGLDFPNLPYLIDGTHKITQSNAILRYIARKHNLCGESEKEQIREDILENQFMDSRMQLAKLCYDPDFEKLKPEYLQALPEMLKLYSQFLGKQPWSLGDKITFVDFIAYDVLERNQVFEPSCLDAFPNLKDFISRFEGLEKISAYMKSSRFLPRPVFTKMAVWGNK
hsa05204,MAGKPKLHYFNGRGRMEPIRWLLAAAGVEFEEKFIGSAEDLGKLRNDGSLMFQQVPMVEIDGMKLVQTRAILNYIASKYNLYGKDIKERALIDMYTEGMADLNEMILLLPLCRPEEKDAKIALIKEKTKSRYFPAFEKVLQSHGQDYLVGNKLSRADISLVELLYYVEELDSSLISNFPLLKALKTRISNLPTVKKFLQPGSPRKPPADAKALEEARKIFRF
hsa05204,MSGESARSLGKGSAPPGPVPEGSIRIYSMRFCPFAERTRLVLKAKGIRHEVININLKNKPEWFFKKNPFGLVPVLENSQGQLIYESAITCEYLDEAYPGKKLLPDDPYEKACQKMILELFSKVPSLVGSFIRSQNKEDYAGLKEEFRKEFTKLEEVLTNKKTTFFGGNSISMIDYLIWPWFERLEAMKLNECVDHTPKLKLWMAAMKEDPTVSALLTSEKDWQGFLELYLQNSPEACDYGL
hsa05204,MGLELFLDLVSQPSRAVYIFAKKNGIPLELRTVDLVKGQHKSKEFLQINSLGKLPTLKDGDFILTESSAILIYLSCKYQTPDHWYPSDLQARARVHEYLGWHADCIRGTFGIPLWVQVLGPLIGVQVPEEKVERNRTAMDQALQWLEDKFLGDRPFLAGQQVTLADLMALEELMQPVALGYELFEGRPRLAAWRGRVEAFLGAELCQEAHSIILSILEQAAKKTLPTPSPEAYQAMLLRIARIP
hsa05204,MGLELFLDLVSQPSRAVYIFAKKNGIPLELRTVDLVKGQHKSKEFLQINSLGKLPTLKDGDFILTESSAILIYLSCKYQTPDHWYPSDLQARARVHEYLGWHADCIRGTFGIPLWVQVLGPLIGVQVPEEKVERNRTAMDQALQWLEDKFLGDRPFLAGQQVTLADLMALEELMQPVALGYELFEGRPRLAAWRGRVEAFLGAELCQEAHSIILSILEQAAKKTLPTPSPEAYQAMLLRIARIP
hsa05204,MGPLPRTVELFYDVLSPYSWLGFEILCRYQNIWNINLQLRPSLITGIMKDSGNKPPGLLPRKGLYMANDLKLLRHHLQIPIHFPKDFLSVMLEKGSLSAMRFLTAVNLEHPEMLEKASRELWMRVWSRNEDITEPQSILAAAEKAGMSAEQAQGLLEKIATPKVKNQLKETTEAACRYGAFGLPITVAHVDGQTHMLFGSDRMELLAHLLGEKWMGPIPPAVNARL
hsa05204,MSDDFLWFEGIAFPTMGFRSETLRKVRDEFVIRDEDVIILTYPKSGTNWLAEILCLMHSKGDAKWIQSVPIWERSPWVESEIGYTALSETESPRLFSSHLPIQLFPKSFFSSKAKVIYLMRNPRDVLVSGYFFWKNMKFIKKPKSWEEYFEWFCQGTVLYGSWFDHIHGWMPMREEKNFLLLSYEELKQDTGRTIEKICQFLGKTLEPEELNLILKNSSFQSMKENKMSNYSLLSVDYVVDKAQLLRKGVSGDWKNHFTVAQAEDFDKLFQEKMADLPRELFPWE
hsa05204,MSDDFLWFEGIAFPTMGFRSETLRKVRDEFVIRDEDVIILTYPKSGTNWLAEILCLMHSKGDAKWIQSVPIWERSPWVESEIGYTALSETESPRLFSSHLPIQLFPKSFFSSKAKVIYLMRNPRDVLVSGYFFWKNMKFIKKPKSWEEYFEWFCQGTVLYGSWFDHIHGWMPMREEKNFLLLSYEELKQDTGRTIEKICQFLGKTLEPEELNLILKNSSFQSMKENKMSNYSLLSVDYVVDKAQLLRKGVSGDWKNHFTVAQAEDFDKLFQEKMADLPRELFPWE
hsa05204,MRCSPGGVWLALAASLLHVSLQGEFQRKLYKELVKNYNPLERPVANDSQPLTVYFSLSLLQIMDVDEKNQVLTTNIWLQMSWTDHYLQWNVSEYPGVKTVRFPDGQIWKPDILLYNSADERFDATFHTNVLVNSSGHCQYLPPGIFKSSCYIDVRWFPFDVQHCKLKFGSWSYGGWSLDLQMQEADISGYIPNGEWDLVGIPGKRSERFYECCKEPYPDVTFTVTMRRRTLYYGLNLLIPCVLISALALLVFLLPADSGEKISLGITVLLSLTVFMLLVAEIMPATSDSVPLIAQYFASTMIIVGLSVVVTVIVLQYHHHDPDGGKMPKWTRVILLNWCAWFLRMKRPGEDKVRPACQHKQRRCSLASVEMSAVAPPPASNGNLLYIGFRGLDGVHCVPTPDSGVVCGRMACSPTHDEHLLHGGQPPEGDPDLAKILEEVRYIANRFRCQDESEAVCSEWKFAACVVDRLCLMAFSVFTIICTIGILMSAPNFVEAVSKDFA
hsa05204,MSSGIHVALVTGGNKGIGLAIVRDLCRLFSGDVVLTARDVTRGQAAVQQLQAEGLSPRFHQLDIDDLQSIRALRDFLRKEYGGLDVLVNNAGIAFKVADPTPFHIQAEVTMKTNFFGTRDVCTELLPLIKPQGRVVNVSSIMSVRALKSCSPELQQKFRSETITEEELVGLMNKFVEDTKKGVHQKEGWPSSAYGVTKIGVTVLSRIHARKLSEQRKGDKILLNACCPGWVRTDMAGPKATKSPEEGAETPVYLALLPPDAEGPHGQFVSEKRVEQW
hsa05204,MAFMKKYLLPILGLFMAYYYYSANEEFRPEMLQGKKVIVTGASKGIGREMAYHLAKMGAHVVVTARSKETLQKVVSHCLELGAASAHYIAGTMEDMTFAEQFVAQAGKLMGGLDMLILNHITNTSLNLFHDDIHHVRKSMEVNFLSYVVLTVAALPMLKQSNGSIVVVSSLAGKVAYPMVAAYSASKFALDGFFSSIRKEYSVSRVNVSITLCVLGLIDTETAMKAVSGIVHMQAAPKEECALEIIKGGALRQEEVYYDSSLWTTLLIRNPCRKILEFLYSTSYNMDRFINK
hsa05204,MAFMKKYLLPILGLFMAYYYYSANEEFRPEMLQGKKVIVTGASKGIGREMAYHLAKMGAHVVVTARSKETLQKVVSHCLELGAASAHYIAGTMEDMTFAEQFVAQAGKLMGGLDMLILNHITNTSLNLFHDDIHHVRKSMEVNFLSYVVLTVAALPMLKQSNGSIVVVSSLAGKVAYPMVAAYSASKFALDGFFSSIRKEYSVSRVNVSITLCVLGLIDTETAMKAVSGIVHMQAAPKEECALEIIKGGALRQEEVYYDSSLWTTLLIRNPCRKILEFLYSTSYNMDRFINK
hsa05204,MLASGMLLVALLVCLTVMVLMSVWQQRKSKGKLPPGPTPLPFIGNYLQLNTEQMYNSLMKISERYGPVFTIHLGPRRVVVLCGHDAVREALVDQAEEFSGRGEQATFDWVFKGYGVVFSNGERAKQLRRFSIATLRDFGVGKRGIEERIQEEAGFLIDALRGTGGANIDPTFFLSRTVSNVISSIVFGDRFDYKDKEFLSLLRMMLGIFQFTSTSTGQLYEMFSSVMKHLPGPQQQAFQLLQGLEDFIAKKVEHNQRTLDPNSPRDFIDSFLIRMQEEEKNPNTEFYLKNLVMTTLNLFIGGTETVSTTLRYGFLLLMKHPEVEAKVHEEIDRVIGKNRQPKFEDRAKMPYMEAVIHEIQRFGDVIPMSLARRVKKDTKFRDFFLPKGTEVFPMLGSVLRDPSFFSNPQDFNPQHFLNEKGQFKKSDAFVPFSIGKRNCFGEGLARMELFLFFTTVMQNFRLKSSQSPKDIDVSPKHVGFATIPRNYTMSFLPR
hsa05204,MLASGLLLVTLLACLTVMVLMSVWRQRKSRGKLPPGPTPLPFIGNYLQLNTEQMYNSLMKISERYGPVFTIHLGPRRVVVLCGHDAVKEALVDQAEEFSGRGEQATFDWLFKGYGVAFSNGERAKQLRRFSIATLRGFGVGKRGIEERIQEEAGFLIDALRGTHGANIDPTFFLSRTVSNVISSIVFGDRFDYEDKEFLSLLRMMLGSFQFTATSTGQLYEMFSSVMKHLPGPQQQAFKELQGLEDFIAKKVEHNQRTLDPNSPRDFIDSFLIRMQEEEKNPNTEFYLKNLVMTTLNLFFAGTETVSTTLRYGFLLLMKHPEVEAKVHEEIDRVIGKNRQPKFEDRAKMPYTEAVIHEIQRFGDMLPMGLAHRVNKDTKFRDFFLPKGTEVFPMLGSVLRDPRFFSNPRDFNPQHFLDKKGQFKKSDAFVPFSIGKRYCFGEGLARMELFLFFTTIMQNFRFKSPQSPKDIDVSPKHVGFATIPRNYTMSFLPR
hsa05204,MLNNLLLFSLQISLIGTTLGGNVLIWPMEGSHWLNVKIIIDELIKKEHNVTVLVASGALFITPTSNPSLTFEIYRVPFGKERIEGVIKDFVLTWLENRPSPSTIWRFYQEMAKVIKDFHMVSQEICDGVLKNQQLMAKLKKSKFEVLVSDPVFPCGDIVALKLGIPFMYSLRFSPASTVEKHCGKVPYPPSYVPAVLSELTDQMSFTDRIRNFISYHLQDYMFETLWKSWDSYYSKALGRPTTLCETMGKAEIWLIRTYWDFEFPRPYLPNFEFVGGLHCKPAKPLPKEMEEFIQSSGKNGVVVFSLGSMVKNLTEEKANLIASALAQIPQKVLWRYKGKKPATLGNNTQLFDWIPQNDLLGHPKTKAFITHGGTNGIYEAIYHGVPMVGVPMFADQPDNIAHMKAKGAAVEVNLNTMTSVDLLSALRTVINEPSYKENAMRLSRIHHDQPVKPLDRAVFWIEFVMRHKGAKHLRVAAHDLTWFQYHSLDVIGFLLVCVTTAIFLVIQCCLFSCQKFGKIGKKKKRE
hsa05204,MRSDKSALVFLLLQLFCVGCGFCGKVLVWPCDMSHWLNVKVILEELIVRGHEVTVLTHSKPSLIDYRKPSALKFEVVHMPQDRTEENEIFVDLALNVLPGLSTWQSVIKLNDFFVEIRGTLKMMCESFIYNQTLMKKLQETNYDVMLIDPVIPCGDLMAELLAVPFVLTLRISVGGNMERSCGKLPAPLSYVPVPMTGLTDRMTFLERVKNSMLSVLFHFWIQDYDYHFWEEFYSKALGRPTTLCETVGKAEIWLIRTYWDFEFPQPYQPNFEFVGGLHCKPAKALPKEMENFVQSSGEDGIVVFSLGSLFQNVTEEKANIIASALAQIPQKVLWRYKGKKPSTLGANTRLYDWIPQNDLLGHPKTKAFITHGGMNGIYEAIYHGVPMVGVPIFGDQLDNIAHMKAKGAAVEINFKTMTSEDLLRALRTVITDSSYKENAMRLSRIHHDQPVKPLDRAVFWIEFVMRHKGAKHLRSAAHDLTWFQHYSIDVIGFLLACVATAIFLFTKCFLFSCQKFNKTRKIEKRE
hsa05204,MSLKWMSVFLLMQLSCYFSSGSCGKVLVWPTEYSHWINMKTILEELVQRGHEVIVLTSSASILVNASKSSAIKLEVYPTSLTKNDLEDFFMKMFDRWTYSISKNTFWSYFSQLQELCWEYSDYNIKLCEDAVLNKKLMRKLQESKFDVLLADAVNPCGELLAELLNIPFLYSLRFSVGYTVEKNGGGFLFPPSYVPVVMSELSDQMIFMERIKNMIYMLYFDFWFQAYDLKKWDQFYSEVLGRPTTLFETMGKAEMWLIRTYWDFEFPRPFLPNVDFVGGLHCKPAKPLPKEMEEFVQSSGENGIVVFSLGSMISNMSEESANMIASALAQIPQKVLWRFDGKKPNTLGSNTRLYKWLPQNDLLGHPKTKAFITHGGTNGIYEAIYHGIPMVGIPLFADQHDNIAHMKAKGAALSVDIRTMSSRDLLNALKSVINDPIYKENIMKLSRIHHDQPVKPLDRAVFWIEFVMRHKGAKHLRVAAHNLTWIQYHSLDVIAFLLACVATMIFMITKCCLFCFRKLAKTGKKKKRD
hsa05204,MTLKWTSVLLLIHLSCYFSSGSCGKVLVWAAEYSHWMNMKTILKELVQRGHEVTVLASSASILFDPNDASTLKFEVYPTSLTKTEFENIIMQQVKRWSDIRKDSFWLYFSQEQEILWELYDIFRNFCKDVVSNKKVMKKLQESRFDIVFADAVFPCGELLAALLNIRFVYSLRFTPGYTIERHSGGLIFPPSYIPIVMSKLSDQMTFMERVKNMIYVLYFDFWFQMSDMKKWDQFYSEVLGRPTTLFETMGKADIWLMRNSWSFQFPHPFLPNVDFVGGFHCKPAKPLPKEMEEFVQSSGENGVVVFSLGSVISNMTAERANVIATALAKIPQKVLWRFDGNKPDALGLNTRLYKWIPQNDLLGHPKTRAFITHGGANGIYEAIYHGIPMVGIPLFFDQPDNIAHMKAKGAAVRLDFNTMSSTDLLNALKTVINDPLYKENIMKLSRIQHDQPVKPLDRAVFWIEFVMPHKGAKHLRVAAHDLTWFQYHSLDVIGFLLACVATVIFIITKFCLFCFWKFARKGKKGKRD
hsa05204,MALKWTSVLLLIHLGCYFSSGSCGKVLVWTGEYSHWMNMKTILKELVQRGHEVTVLASSASILFDPNDAFTLKLEVYPTSLTKTEFENIIMQQVKRWSDIQKDSFWLYFSQEQEILWEFHDIFRNFCKDVVSNKKVMKKLQESRFDIIFADAFFPCGELLAALLNIPFVYSLCFTPGYTIERHSGGLIFPPSYIPVVMSKLSDQMTFMERVKNMIYVLYFDFWFQMCDMKKWDQFYSEVLGRPTTLFETMGKADIWLMRNSWSFQFPHPFLPNIDFVGGLHCKPAKPLPKEMEEFVQSSGENGVVVFSLGSVISNMTAERANVIATALAKIPQKVLWRFDGNKPDALGLNTRLYKWIPQNDLLGLPKTRAFITHGGANGIYEAIYHGIPMVGIPLFWDQPDNIAHMKAKGAAVRLDFHTMSSTDLLNALKTVINDPSYKENVMKLSIIQHDQPVKPLHRAVFWIEFVMCHKGAKHLRVAARDLTWFQYHSLDVIGFLLACVATVIFVVTKFCLFCFWKFARKGKKGKRD
hsa05204,MACLLRSFQRISAGVFFLALWGMVVGDKLLVVPQDGSHWLSMKDIVEVLSDRGHEIVVVVPEVNLLLKESKYYTRKIYPVPYDQEELKNRYQSFGNNHFAERSFLTAPQTEYRNNMIVIGLYFINCQSLLQDRDTLNFFKESKFDALFTDPALPCGVILAEYLGLPSVYLFRGFPCSLEHTFSRSPDPVSYIPRCYTKFSDHMTFSQRVANFLVNLLEPYLFYCLFSKYEELASAVLKRDVDIITLYQKVSVWLLRYDFVLEYPRPVMPNMVFIGGINCKKRKDLSQEFEAYINASGEHGIVVFSLGSMVSEIPEKKAMAIADALGKIPQTVLWRYTGTRPSNLANNTILVKWLPQNDLLGHPMTRAFITHAGSHGVYESICNGVPMVMMPLFGDQMDNAKRMETKGAGVTLNVLEMTSEDLENALKAVINDKSYKENIMRLSSLHKDRPVEPLDLAVFWVEFVMRHKGAPHLRPAAHDLTWYQYHSLDVIGFLLAVVLTVAFITFKCCAYGYRKCLGKKGRVKKAHKSKTH
hsa05204,MACLLRSFQRISAGVFFLALWGMVVGDKLLVVPQDGSHWLSMKDIVEVLSDRGHEIVVVVPEVNLLLKESKYYTRKIYPVPYDQEELKNRYQSFGNNHFAERSFLTAPQTEYRNNMIVIGLYFINCQSLLQDRDTLNFFKESKFDALFTDPALPCGVILAEYLGLPSVYLFRGFPCSLEHTFSRSPDPVSYIPRCYTKFSDHMTFSQRVANFLVNLLEPYLFYCLFSKYEELASAVLKRDVDIITLYQKVSVWLLRYDFVLEYPRPVMPNMVFIGGINCKKRKDLSQEFEAYINASGEHGIVVFSLGSMVSEIPEKKAMAIADALGKIPQTVLWRYTGTRPSNLANNTILVKWLPQNDLLGHPMTRAFITHAGSHGVYESICNGVPMVMMPLFGDQMDNAKRMETKGAGVTLNVLEMTSEDLENALKAVINDKSYKENIMRLSSLHKDRPVEPLDLAVFWVEFVMRHKGAPHLRPAAHDLTWYQYHSLDVIGFLLAVVLTVAFITFKCCAYGYRKCLGKKGRVKKAHKSKTH
hsa05204,MARGLQVPLPRLATGLLLLLSVQPWAESGKVLVVPTDGSPWLSMREALRELHARGHQAVVLTPEVNMHIKEEKFFTLTAYAVPWTQKEFDRVTLGYTQGFFETEHLLKRYSRSMAIMNNVSLALHRCCVELLHNEALIRHLNATSFDVVLTDPVNLCGAVLAKYLSIPAVFFWRYIPCDLDFKGTQCPNPSSYIPKLLTTNSDHMTFLQRVKNMLYPLALSYICHTFSAPYASLASELFQREVSVVDLVSYASVWLFRGDFVMDYPRPIMPNMVFIGGINCANGKPLSQEFEAYINASGEHGIVVFSLGSMVSEIPEKKAMAIADALGKIPQTVLWRYTGTRPSNLANNTILVKWLPQNDLLGHPMTRAFITHAGSHGVYESICNGVPMVMMPLFGDQMDNAKRMETKGAGVTLNVLEMTSEDLENALKAVINDKSYKENIMRLSSLHKDRPVEPLDLAVFWVEFVMRHKGAPHLRPAAHDLTWYQYHSLDVIGFLLAVVLTVAFITFKCCAYGYRKCLGKKGRVKKAHKSKTH
hsa05204,MAVESQGGRPLVLGLLLCVLGPVVSHAGKILLIPVDGSHWLSMLGAIQQLQQRGHEIVVLAPDASLYIRDGAFYTLKTYPVPFQREDVKESFVSLGHNVFENDSFLQRVIKTYKKIKKDSAMLLSGCSHLLHNKELMASLAESSFDVMLTDPFLPCSPIVAQYLSLPTVFFLHALPCSLEFEATQCPNPFSYVPRPLSSHSDHMTFLQRVKNMLIAFSQNFLCDVVYSPYATLASEFLQREVTVQDLLSSASVWLFRSDFVKDYPRPIMPNMVFVGGINCLHQNPLSQEFEAYINASGEHGIVVFSLGSMVSEIPEKKAMAIADALGKIPQTVLWRYTGTRPSNLANNTILVKWLPQNDLLGHPMTRAFITHAGSHGVYESICNGVPMVMMPLFGDQMDNAKRMETKGAGVTLNVLEMTSEDLENALKAVINDKSYKENIMRLSSLHKDRPVEPLDLAVFWVEFVMRHKGAPHLRPAAHDLTWYQYHSLDVIGFLLAVVLTVAFITFKCCAYGYRKCLGKKGRVKKAHKSKTH
hsa05204,MAVESQGGRPLVLGLLLCVLGPVVSHAGKILLIPVDGSHWLSMLGAIQQLQQRGHEIVVLAPDASLYIRDGAFYTLKTYPVPFQREDVKESFVSLGHNVFENDSFLQRVIKTYKKIKKDSAMLLSGCSHLLHNKELMASLAESSFDVMLTDPFLPCSPIVAQYLSLPTVFFLHALPCSLEFEATQCPNPFSYVPRPLSSHSDHMTFLQRVKNMLIAFSQNFLCDVVYSPYATLASEFLQREVTVQDLLSSASVWLFRSDFVKDYPRPIMPNMVFVGGINCLHQNPLSQEFEAYINASGEHGIVVFSLGSMVSEIPEKKAMAIADALGKIPQTVLWRYTGTRPSNLANNTILVKWLPQNDLLGHPMTRAFITHAGSHGVYESICNGVPMVMMPLFGDQMDNAKRMETKGAGVTLNVLEMTSEDLENALKAVINDKSYKENIMRLSSLHKDRPVEPLDLAVFWVEFVMRHKGAPHLRPAAHDLTWYQYHSLDVIGFLLAVVLTVAFITFKCCAYGYRKCLGKKGRVKKAHKSKTH
hsa05204,MATGLQVPLPWLATGLLLLLSVQPWAESGKVLVVPIDGSHWLSMREVLRELHARGHQAVVLTPEVNMHIKEENFFTLTTYAISWTQDEFDRHVLGHTQLYFETEHFLKKFFRSMAMLNNMSLVYHRSCVELLHNEALIRHLNATSFDVVLTDPVNLCAAVLAKYLSIPTVFFLRNIPCDLDFKGTQCPNPSSYIPRLLTTNSDHMTFMQRVKNMLYPLALSYICHAFSAPYASLASELFQREVSVVDILSHASVWLFRGDFVMDYPRPIMPNMVFIGGINCANRKPLSQEFEAYINASGEHGIVVFSLGSMVSEIPEKKAMAIADALGKIPQTVLWRYTGTRPSNLANNTILVKWLPQNDLLGHPMTRAFITHAGSHGVYESICNGVPMVMMPLFGDQMDNAKRMETKGAGVTLNVLEMTSEDLENALKAVINDKSYKENIMRLSSLHKDRPVEPLDLAVFWVEFVMRHKGAPHLRPAAHDLTWYQYHSLDVIGFLLAVVLTVAFITFKCCAYGYRKCLGKKGRVKKAHKSKTH
hsa05204,MATGLQVPLPWLATGLLLLLSVQPWAESGKVLVVPIDGSHWLSMREVLRELHARGHQAVVLTPEVNMHIKEENFFTLTTYAISWTQDEFDRHVLGHTQLYFETEHFLKKFFRSMAMLNNMSLVYHRSCVELLHNEALIRHLNATSFDVVLTDPVNLCAAVLAKYLSIPTVFFLRNIPCDLDFKGTQCPNPSSYIPRLLTTNSDHMTFMQRVKNMLYPLALSYICHAFSAPYASLASELFQREVSVVDILSHASVWLFRGDFVMDYPRPIMPNMVFIGGINCANRKPLSQEFEAYINASGEHGIVVFSLGSMVSEIPEKKAMAIADALGKIPQTVLWRYTGTRPSNLANNTILVKWLPQNDLLGHPMTRAFITHAGSHGVYESICNGVPMVMMPLFGDQMDNAKRMETKGAGVTLNVLEMTSEDLENALKAVINDKSYKENIMRLSSLHKDRPVEPLDLAVFWVEFVMRHKGAPHLRPAAHDLTWYQYHSLDVIGFLLAVVLTVAFITFKCCAYGYRKCLGKKGRVKKAHKSKTH
hsa05204,MALKWTTVLLIQLSFYFSSGSCGKVLVWAAEYSLWMNMKTILKELVQRGHEVTVLASSASILFDPNDSSTLKLEVYPTSLTKTEFENIIMQLVKRLSEIQKDTFWLPFSQEQEILWAINDIIRNFCKDVVSNKKLMKKLQESRFDIVFADAYLPCGELLAELFNIPFVYSHSFSPGYSFERHSGGFIFPPSYVPVVMSKLSDQMTFMERVKNMLYVLYFDFWFQIFNMKKWDQFYSEVLGRPTTLSETMRKADIWLMRNSWNFKFPHPFLPNVDFVGGLHCKPAKPLPKEMEEFVQSSGENGVVVFSLGSMVSNMTEERANVIATALAKIPQKVLWRFDGNKPDALGLNTRLYKWIPQNDLLGHPKTRAFITHGGANGIYEAIYHGIPMVGIPLFFDQPDNIAHMKAKGAAVRVDFNTMSSTDLLNALKTVINDPSYKENIMKLSRIQHDQPVKPLDRAVFWIEFVMRHKGAKHLRVAAHNLTWFQYHSLDVIGFLLACVATVLFIITKCCLFCFWKFARKGKKGKRD
hsa05204,MACTGWTSPLPLCVCLLLTCGFAEAGKLLVVPMDGSHWFTMRSVVEKLILRGHEVVVVMPEVSWQLGRSLNCTVKTYSTSYTLEDLDREFKAFAHAQWKAQVRSIYSLLMGSYNDIFDLFFSNCRSLFKDKKLVEYLKESSFDAVFLDPFDNCGLIVAKYFSLPSVVFARGILCHYLEEGAQCPAPLSYVPRILLGFSDAMTFKERVRNHIMHLEEHLLCHRFFKNALEIASEILQTPVTEYDLYSHTSIWLLRTDFVLDYPKPVMPNMIFIGGINCHQGKPLPMEFEAYINASGEHGIVVFSLGSMVSEIPEKKAMAIADALGKIPQTVLWRYTGTRPSNLANNTILVKWLPQNDLLGHPMTRAFITHAGSHGVYESICNGVPMVMMPLFGDQMDNAKRMETKGAGVTLNVLEMTSEDLENALKAVINDKSYKENIMRLSSLHKDRPVEPLDLAVFWVEFVMRHKGAPHLRPAAHDLTWYQYHSLDVIGFLLAVVLTVAFITFKCCAYGYRKCLGKKGRVKKAHKSKTH
hsa05204,MACTGWTSPLPLCVCLLLTCGFAEAGKLLVVPMDGSHWFTMRSVVEKLILRGHEVVVVMPEVSWQLGRSLNCTVKTYSTSYTLEDLDREFKAFAHAQWKAQVRSIYSLLMGSYNDIFDLFFSNCRSLFKDKKLVEYLKESSFDAVFLDPFDNCGLIVAKYFSLPSVVFARGILCHYLEEGAQCPAPLSYVPRILLGFSDAMTFKERVRNHIMHLEEHLLCHRFFKNALEIASEILQTPVTEYDLYSHTSIWLLRTDFVLDYPKPVMPNMIFIGGINCHQGKPLPMEFEAYINASGEHGIVVFSLGSMVSEIPEKKAMAIADALGKIPQTVLWRYTGTRPSNLANNTILVKWLPQNDLLGHPMTRAFITHAGSHGVYESICNGVPMVMMPLFGDQMDNAKRMETKGAGVTLNVLEMTSEDLENALKAVINDKSYKENIMRLSSLHKDRPVEPLDLAVFWVEFVMRHKGAPHLRPAAHDLTWYQYHSLDVIGFLLAVVLTVAFITFKCCAYGYRKCLGKKGRVKKAHKSKTH
hsa05204,MSVKWTSVILLIQLSFCFSSGNCGKVLVWAAEYSHWMNIKTILDELIQRGHEVTVLASSASILFDPNNSSALKIEIYPTSLTKTELENFIMQQIKRWSDLPKDTFWLYFSQVQEIMSIFGDITRKFCKDVVSNKKFMKKVQESRFDVIFADAIFPCSELLAELFNIPFVYSLSFSPGYTFEKHSGGFIFPPSYVPVVMSELTDQMTFMERVKNMIYVLYFDFWFEIFDMKKWDQFYSEVLGRPTTLSETMGKADVWLIRNSWNFQFPHPLLPNVDFVGGLHCKPAKPLPKEMEDFVQSSGENGVVVFSLGSMVSNMTEERANVIASALAQIPQKVLWRFDGNKPDTLGLNTRLYKWIPQNDLLGHPKTRAFITHGGANGIYEAIYHGIPMVGIPLFADQPDNIAHMKARGAAVRVDFNTMSSTDLLNALKRVINDPSYKENVMKLSRIQHDQPVKPLDRAVFWIEFVMRHKGAKHLRVAAHDLTWFQYHSLDVIGFLLVCVATVIFIVTKCCLFCFWKFARKAKKGKND
hsa05204,MARAGWTSPVPLCVCLLLTCGFAEAGKLLVVPMDGSHWFTMQSVVEKLILRGHEVVVVMPEVSWQLERSLNCTVKTYSTSYTLEDQNREFMVFAHAQWKAQAQSIFSLLMSSSSGFLDLFFSHCRSLFNDRKLVEYLKESSFDAVFLDPFDTCGLIVAKYFSLPSVVFTRGIFCHHLEEGAQCPAPLSYVPNDLLGFSDAMTFKERVWNHIVHLEDHLFCQYLFRNALEIASEILQTPVTAYDLYSHTSIWLLRTDFVLDYPKPVMPNMIFIGGINCHQGKPLPMEFEAYINASGEHGIVVFSLGSMVSEIPEKKAMAIADALGKIPQTVLWRYTGTRPSNLANNTILVKWLPQNDLLGHPMTRAFITHAGSHGVYESICNGVPMVMMPLFGDQMDNAKRMETKGAGVTLNVLEMTSEDLENALKAVINDKSYKENIMRLSSLHKDRPVEPLDLAVFWVEFVMRHKGAPHLRPAAHDLTWYQYHSLDVIGFLLAVVLTVAFITFKCCAYGYRKCLGKKGRVKKAHKSKTH
hsa05204,MARAGWTSPVPLCVCLLLTCGFAEAGKLLVVPMDGSHWFTMQSVVEKLILRGHEVVVVMPEVSWQLERSLNCTVKTYSTSYTLEDQNREFMVFAHAQWKAQAQSIFSLLMSSSSGFLDLFFSHCRSLFNDRKLVEYLKESSFDAVFLDPFDTCGLIVAKYFSLPSVVFTRGIFCHHLEEGAQCPAPLSYVPNDLLGFSDAMTFKERVWNHIVHLEDHLFCQYLFRNALEIASEILQTPVTAYDLYSHTSIWLLRTDFVLDYPKPVMPNMIFIGGINCHQGKPLPMEFEAYINASGEHGIVVFSLGSMVSEIPEKKAMAIADALGKIPQTVLWRYTGTRPSNLANNTILVKWLPQNDLLGHPMTRAFITHAGSHGVYESICNGVPMVMMPLFGDQMDNAKRMETKGAGVTLNVLEMTSEDLENALKAVINDKSYKENIMRLSSLHKDRPVEPLDLAVFWVEFVMRHKGAPHLRPAAHDLTWYQYHSLDVIGFLLAVVLTVAFITFKCCAYGYRKCLGKKGRVKKAHKSKTH
hsa05204,MARTGWTSPIPLCVSLLLTCGFAEAGKLLVVPMDGSHWFTMQSVVEKLILRGHEVVVVMPEVSWQLGKSLNCTVKTYSTSYTLEDLDREFMDFADAQWKAQVRSLFSLFLSSSNGFFNLFFSHCRSLFNDRKLVEYLKESSFDAVFLDPFDACGLIVAKYFSLPSVVFARGIACHYLEEGAQCPAPLSYVPRILLGFSDAMTFKERVRNHIMHLEEHLFCQYFSKNALEIASEILQTPVTAYDLYSHTSIWLLRTDFVLDYPKPVMPNMIFIGGINCHQGKPLPMEFEAYINASGEHGIVVFSLGSMVSEIPEKKAMAIADALGKIPQTVLWRYTGTRPSNLANNTILVKWLPQNDLLGHPMTRAFITHAGSHGVYESICNGVPMVMMPLFGDQMDNAKRMETKGAGVTLNVLEMTSEDLENALKAVINDKSYKENIMRLSSLHKDRPVEPLDLAVFWVEFVMRHKGAPHLRPAAHDLTWYQYHSLDVIGFLLAVVLTVAFITFKCCAYGYRKCLGKKGRVKKAHKSKTH
hsa05204,MARTGWTSPIPLCVSLLLTCGFAEAGKLLVVPMDGSHWFTMQSVVEKLILRGHEVVVVMPEVSWQLGKSLNCTVKTYSTSYTLEDLDREFMDFADAQWKAQVRSLFSLFLSSSNGFFNLFFSHCRSLFNDRKLVEYLKESSFDAVFLDPFDACGLIVAKYFSLPSVVFARGIACHYLEEGAQCPAPLSYVPRILLGFSDAMTFKERVRNHIMHLEEHLFCQYFSKNALEIASEILQTPVTAYDLYSHTSIWLLRTDFVLDYPKPVMPNMIFIGGINCHQGKPLPMEFEAYINASGEHGIVVFSLGSMVSEIPEKKAMAIADALGKIPQTVLWRYTGTRPSNLANNTILVKWLPQNDLLGHPMTRAFITHAGSHGVYESICNGVPMVMMPLFGDQMDNAKRMETKGAGVTLNVLEMTSEDLENALKAVINDKSYKENIMRLSSLHKDRPVEPLDLAVFWVEFVMRHKGAPHLRPAAHDLTWYQYHSLDVIGFLLAVVLTVAFITFKCCAYGYRKCLGKKGRVKKAHKSKTH
hsa05204,MATGLQVPLPQLATGLLLLLSVQPWAESGKVLVVPTDGSHWLSMREALRDLHARGHQVVVLTLEVNMYIKEENFFTLTTYAISWTQDEFDRLLLGHTQSFFETEHLLMKFSRRMAIMNNMSLIIHRSCVELLHNEALIRHLHATSFDVVLTDPFHLCAAVLAKYLSIPAVFFLRNIPCDLDFKGTQCPNPSSYIPRLLTTNSDHMTFLQRVKNMLYPLALSYLCHAVSAPYASLASELFQREVSVVDLVSHASVWLFRGDFVMDYPRPIMPNMVFIGGINCANGKPLSQEFEAYINASGEHGIVVFSLGSMVSEIPEKKAMAIADALGKIPQTVLWRYTGTRPSNLANNTILVKWLPQNDLLGHPMTRAFITHAGSHGVYESICNGVPMVMMPLFGDQMDNAKRMETKGAGVTLNVLEMTSEDLENALKAVINDKSYKENIMRLSSLHKDRPVEPLDLAVFWVEFVMRHKGAPHLRPAAHDLTWYQYHSLDVIGFLLAVVLTVAFITFKCCAYGYRKCLGKKGRVKKAHKSKTH
hsa05204,MATGLQVPLPQLATGLLLLLSVQPWAESGKVLVVPTDGSHWLSMREALRDLHARGHQVVVLTLEVNMYIKEENFFTLTTYAISWTQDEFDRLLLGHTQSFFETEHLLMKFSRRMAIMNNMSLIIHRSCVELLHNEALIRHLHATSFDVVLTDPFHLCAAVLAKYLSIPAVFFLRNIPCDLDFKGTQCPNPSSYIPRLLTTNSDHMTFLQRVKNMLYPLALSYLCHAVSAPYASLASELFQREVSVVDLVSHASVWLFRGDFVMDYPRPIMPNMVFIGGINCANGKPLSQEFEAYINASGEHGIVVFSLGSMVSEIPEKKAMAIADALGKIPQTVLWRYTGTRPSNLANNTILVKWLPQNDLLGHPMTRAFITHAGSHGVYESICNGVPMVMMPLFGDQMDNAKRMETKGAGVTLNVLEMTSEDLENALKAVINDKSYKENIMRLSSLHKDRPVEPLDLAVFWVEFVMRHKGAPHLRPAAHDLTWYQYHSLDVIGFLLAVVLTVAFITFKCCAYGYRKCLGKKGRVKKAHKSKTH
hsa05204,
hsa05204,MSLKWTSVFLLIQLSCYFSSGSCGKVLVWPTEYSHWINMKTILEELVQRGHEVTVLTSSASTLVNASKSSAIKLEVYPTSLTKNYLEDSLLKILDRWIYGVSKNTFWSYFSQLQELCWEYYDYSNKLCKDAVLNKKLMMKLQESKFDVILADALNPCGELLAELFNIPFLYSLRFSVGYTFEKNGGGFLFPPSYVPVVMSELSDQMIFMERIKNMIHMLYFDFWFQIYDLKKWDQFYSEVLGRPTTLFETMGKAEMWLIRTYWDFEFPRPFLPNVDFVGGLHCKPAKPLPKEMEEFVQSSGENGIVVFSLGSMISNMSEESANMIASALAQIPQKVLWRFDGKKPNTLGSNTRLYKWLPQNDLLGHPKTKAFITHGGTNGIYEAIYHGIPMVGIPLFADQHDNIAHMKAKGAALSVDIRTMSSRDLLNALKSVINDPVYKENVMKLSRIHHDQPMKPLDRAVFWIEFVMRHKGAKHLRVAAHNLTWIQYHSLDVIAFLLACVATVIFIITKFCLFCFRKLAKKGKKKKRD
hsa05204,MARAGWTGLLPLYVCLLLTCGFAKAGKLLVVPMDGSHWFTMQSVVEKLILRGHEVVVVMPEVSWQLGRSLNCTVKTYSTSYTLEDQDREFMVFADARWTAPLRSAFSLLTSSSNGIFDLFFSNCRSLFNDRKLVEYLKESCFDAVFLDPFDACGLIVAKYFSLPSVVFARGIFCHYLEEGAQCPAPLSYVPRLLLGFSDAMTFKERVWNHIMHLEEHLFCPYFFKNVLEIASEILQTPVTAYDLYSHTSIWLLRTDFVLEYPKPVMPNMIFIGGINCHQGKPVPMEFEAYINASGEHGIVVFSLGSMVSEIPEKKAMAIADALGKIPQTVLWRYTGTRPSNLANNTILVKWLPQNDLLGHPMTRAFITHAGSHGVYESICNGVPMVMMPLFGDQMDNAKRMETKGAGVTLNVLEMTSEDLENALKAVINDKSYKENIMRLSSLHKDRPVEPLDLAVFWVEFVMRHKGAPHLRPAAHDLTWYQYHSLDVIGFLLAVVLTVAFITFKCCAYGYRKCLGKKGRVKKAHKSKTH
hsa05204,MARAGWTGLLPLYVCLLLTCGFAKAGKLLVVPMDGSHWFTMQSVVEKLILRGHEVVVVMPEVSWQLGRSLNCTVKTYSTSYTLEDQDREFMVFADARWTAPLRSAFSLLTSSSNGIFDLFFSNCRSLFNDRKLVEYLKESCFDAVFLDPFDACGLIVAKYFSLPSVVFARGIFCHYLEEGAQCPAPLSYVPRLLLGFSDAMTFKERVWNHIMHLEEHLFCPYFFKNVLEIASEILQTPVTAYDLYSHTSIWLLRTDFVLEYPKPVMPNMIFIGGINCHQGKPVPMEFEAYINASGEHGIVVFSLGSMVSEIPEKKAMAIADALGKIPQTVLWRYTGTRPSNLANNTILVKWLPQNDLLGHPMTRAFITHAGSHGVYESICNGVPMVMMPLFGDQMDNAKRMETKGAGVTLNVLEMTSEDLENALKAVINDKSYKENIMRLSSLHKDRPVEPLDLAVFWVEFVMRHKGAPHLRPAAHDLTWYQYHSLDVIGFLLAVVLTVAFITFKCCAYGYRKCLGKKGRVKKAHKSKTH
hsa05204,MSMKWTSALLLIQLSCYFSSGSCGKVLVWPTEFSHWMNIKTILDELVQRGHEVTVLASSASISFDPNSPSTLKFEVYPVSLTKTEFEDIIKQLVKRWAELPKDTFWSYFSQVQEIMWTFNDILRKFCKDIVSNKKLMKKLQESRFDVVLADAVFPFGELLAELLKIPFVYSLRFSPGYAIEKHSGGLLFPPSYVPVVMSELSDQMTFIERVKNMIYVLYFEFWFQIFDMKKWDQFYSEVLGRPTTLSETMAKADIWLIRNYWDFQFPHPLLPNVEFVGGLHCKPAKPLPKEMEEFVQSSGENGVVVFSLGSMVSNTSEERANVIASALAKIPQKVLWRFDGNKPDTLGLNTRLYKWIPQNDLLGHPKTRAFITHGGANGIYEAIYHGIPMVGVPLFADQPDNIAHMKAKGAAVSLDFHTMSSTDLLNALKTVINDPLYKENAMKLSRIHHDQPVKPLDRAVFWIEFVMRHKGAKHLRVAAHDLTWFQYHSLDVTGFLLACVATVIFIITKCLFCVWKFVRTGKKGKRD
hsa05204,MSALGVTVALLVWAAFLLLVSMWRQVHSSWNLPPGPFPLPIIGNLFQLELKNIPKSFTRLAQRFGPVFTLYVGSQRMVVMHGYKAVKEALLDYKDEFSGRGDLPAFHAHRDRGIIFNNGPTWKDIRRFSLTTLRNYGMGKQGNESRIQREAHFLLEALRKTQGQPFDPTFLIGCAPCNVIADILFRKHFDYNDEKFLRLMYLFNENFHLLSTPWLQLYNNFPSFLHYLPGSHRKVIKNVAEVKEYVSERVKEHHQSLDPNCPRDLTDCLLVEMEKEKHSAERLYTMDGITVTVADLFFAGTETTSTTLRYGLLILMKYPEIEEKLHEEIDRVIGPSRIPAIKDRQEMPYMDAVVHEIQRFITLVPSNLPHEATRDTIFRGYLIPKGTVVVPTLDSVLYDNQEFPDPEKFKPEHFLNENGKFKYSDYFKPFSTGKRVCAGEGLARMELFLLLCAILQHFNLKPLVDPKDIDLSPIHIGFGCIPPRYKLCVIPRS
hsa05204,MDPLGDTLRRLREAFHAGRTRPAEFRAAQLQGLGRFLQENKQLLHDALAQDLHKSAFESEVSEVAISQGEVTLALRNLRAWMKDERVPKNLATQLDSAFIRKEPFGLVLIIAPWNYPLNLTLVPLVGALAAGNCVVLKPSEISKNVEKILAEVLPQYVDQSCFAVVLGGPQETGQLLEHRFDYIFFTGSPRVGKIVMTAAAKHLTPVTLELGGKNPCYVDDNCDPQTVANRVAWFRYFNAGQTCVAPDYVLCSPEMQERLLPALQSTITRFYGDDPQSSPNLGRIINQKQFQRLRALLGCGRVAIGGQSDESDRYIAPTVLVDVQEMEPVMQEEIFGPILPIVNVQSLDEAIEFINRREKPLALYAFSNSSQVVKRVLTQTSSGGFCGNDGFMHMTLASLPFGGVGASGMGRYHGKFSFDTFSHHRACLLRSPGMEKLNALRYPPQSPRRLRMLLVAMEAQGCSCTLL
hsa05204,MDPLGDTLRRLREAFHAGRTRPAEFRAAQLQGLGRFLQENKQLLHDALAQDLHKSAFESEVSEVAISQGEVTLALRNLRAWMKDERVPKNLATQLDSAFIRKEPFGLVLIIAPWNYPLNLTLVPLVGALAAGNCVVLKPSEISKNVEKILAEVLPQYVDQSCFAVVLGGPQETGQLLEHRFDYIFFTGSPRVGKIVMTAAAKHLTPVTLELGGKNPCYVDDNCDPQTVANRVAWFRYFNAGQTCVAPDYVLCSPEMQERLLPALQSTITRFYGDDPQSSPNLGRIINQKQFQRLRALLGCGRVAIGGQSDESDRYIAPTVLVDVQEMEPVMQEEIFGPILPIVNVQSLDEAIEFINRREKPLALYAFSNSSQVVKRVLTQTSSGGFCGNDGFMHMTLASLPFGGVGASGMGRYHGKFSFDTFSHHRACLLRSPGMEKLNALRYPPQSPRRLRMLLVAMEAQGCSCTLL
hsa05204,MKDEPRSTNLFMKLDSVFIWKEPFGLVLIIAPWNYPLNLTLVLLVGALAAGSCVVLKPSEISQGTEKVLAEVLPQYLDQSCFAVVLGGPQETGQLLEHKLDYIFFTGSPRVGKIVMTAATKHLTPVTLELGGKNPCYVDDNCDPQTVANRVAWFCYFNAGQTCVAPDYVLCSPEMQERLLPALQSTITRFYGDDPQSSPNLGHIINQKQFQRLRALLGCSRVAIGGQSNESDRYIAPTVLVDVQETEPVMQEEIFGPILPIVNVQSVDEAIKFINRQEKPLALYAFSNSSQVVNQMLERTSSGSFGGNEGFTYISLLSVPFGGVGHSGMGRYHGKFTFDTFSHHRTCLLAPSGLEKLKEIHYPPYTDWNQQLLRWGMGSQSCTLL
hsa05204,MATANGAVENGQPDRKPPALPRPIRNLEVKFTKIFINNEWHESKSGKKFATCNPSTREQICEVEEGDKPDVDKAVEAAQVAFQRGSPWRRLDALSRGRLLHQLADLVERDRATLAALETMDTGKPFLHAFFIDLEGCIRTLRYFAGWADKIQGKTIPTDDNVVCFTRHEPIGVCGAITPWNFPLLMLVWKLAPALCCGNTMVLKPAEQTPLTALYLGSLIKEAGFPPGVVNIVPGFGPTVGAAISSHPQINKIAFTGSTEVGKLVKEAASRSNLKRVTLELGGKNPCIVCADADLDLAVECAHQGVFFNQGQCCTAASRVFVEEQVYSEFVRRSVEYAKKRPVGDPFDVKTEQGPQIDQKQFDKILELIESGKKEGAKLECGGSAMEDKGLFIKPTVFSEVTDNMRIAKEEIFGPVQPILKFKSIEEVIKRANSTDYGLTAAVFTKNLDKALKLASALESGTVWINCYNALYAQAPFGGFKMSGNGRELGEYALAEYTEVKTVTIKLGDKNP
hsa05204,MATANGAVENGQPDRKPPALPRPIRNLEVKFTKIFINNEWHESKSGKKFATCNPSTREQICEVEEGDKPDVDKAVEAAQVAFQRGSPWRRLDALSRGRLLHQLADLVERDRATLAALETMDTGKPFLHAFFIDLEGCIRTLRYFAGWADKIQGKTIPTDDNVVCFTRHEPIGVCGAITPWNFPLLMLVWKLAPALCCGNTMVLKPAEQTPLTALYLGSLIKEAGFPPGVVNIVPGFGPTVGAAISSHPQINKIAFTGSTEVGKLVKEAASRSNLKRVTLELGGKNPCIVCADADLDLAVECAHQGVFFNQGQCCTAASRVFVEEQVYSEFVRRSVEYAKKRPVGDPFDVKTEQGPQIDQKQFDKILELIESGKKEGAKLECGGSAMEDKGLFIKPTVFSEVTDNMRIAKEEIFGPVQPILKFKSIEEVIKRANSTDYGLTAAVFTKNLDKALKLASALESGTVWINCYNALYAQAPFGGFKMSGNGRELGEYALAEYTEVKTVTIKLGDKNP
hsa05204,MSKISEAVKRARAAFSSGRTRPLQFRIQQLEALQRLIQEQEQELVGALAADLHKNEWNAYYEEVVYVLEEIEYMIQKLPEWAADEPVEKTPQTQQDELYIHSEPLGVVLVIGTWNYPFNLTIQPMVGAIAAGNSVVLKPSELSENMASLLATIIPQYLDKDLYPVINGGVPETTELLKERFDHILYTGSTGVGKIIMTAAAKHLTPVTLELGGKSPCYVDKNCDLDVACRRIAWGKFMNSGQTCVAPDYILCDPSIQNQIVEKLKKSLKEFYGEDAKKSRDYGRIISARHFQRVMGLIEGQKVAYGGTGDAATRYIAPTILTDVDPQSPVMQEEIFGPVLPIVCVRSLEEAIQFINQREKPLALYMFSSNDKVIKKMIAETSSGGVAANDVIVHITLHSLPFGGVGNSGMGSYHGKKSFETFSHRRSCLVRPLMNDEGLKVRYPPSPAKMTQH
hsa05204,EVQRTPHPTFEYFFFLSRKLPGQELQGLNGREAGSLNTSPLGSCRSRSPSYRERLCQRRHEQDQRGREARPRRLQLGRTRPLQFRIQQLEALQRLIQEQEQELVGALAADLHKNEWNAYYEEVVYVLEEIEYMIQKLPEWAADEPVEKTPQTQQDELYIHSEPLGVVLVIGTWNYPFNLTIQPMVGAIAAGNAVVLKPSELSENMASLLATIIPQYLDKDLYPVINGGVPETTELLKERFDHILYTGSTGVGKIIMTAAAKHLTPVTLELGGKSPCYVDKNCDLDVACRRIAWGKFMNSGQTCVAPDYILCDPSIQNQIVEKLKKSLKEFYGEDAKKSRDYGRIISARHFQRVMGLIEGQKVAYGGTGDAATRYIAPTILTDVDPQSPVMQEEIFGPVLPIVCVRSLEEAIQFINQREKPLALYMFSSNDKVIKKMIAETSSGGVAANDVIVHITLHSLPFGGVGNSGMGSYHGKKSFETFSHRRSCLVRPLMNDEGLKVRYPPSPAKMTQH
hsa05204,MSTAGKVIKCKAAVLWELKKPFSIEEVEVAPPKAHEVRIKMVAVGICGTDDHVVSGTMVTPLPVILGHEAAGIVESVGEGVTTVKPGDKVIPLAIPQCGKCRICKNPESNYCLKNDVSNPQGTLQDGTSRFTCRRKPIHHFLGISTFSQYTVVDENAVAKIDAASPLEKVCLIGCGFSTGYGSAVNVAKVTPGSTCAVFGLGGVGLSAIMGCKAAGAARIIAVDINKDKFAKAKELGATECINPQDYKKPIQEVLKEMTDGGVDFSFEVIGRLDTMMASLLCCHEACGTSVIVGVPPDSQNLSMNPMLLLTGRTWKGAILGGFKSKECVPKLVADFMAKKFSLDALITHVLPFEKINEGFDLLHSGKSIRTILMF
hsa05204,MSTAGKVIKCKAAVLWEVKKPFSIEDVEVAPPKAYEVRIKMVAVGICRTDDHVVSGNLVTPLPVILGHEAAGIVESVGEGVTTVKPGDKVIPLFTPQCGKCRVCKNPESNYCLKNDLGNPRGTLQDGTRRFTCRGKPIHHFLGTSTFSQYTVVDENAVAKIDAASPLEKVCLIGCGFSTGYGSAVNVAKVTPGSTCAVFGLGGVGLSAVMGCKAAGAARIIAVDINKDKFAKAKELGATECINPQDYKKPIQEVLKEMTDGGVDFSFEVIGRLDTMMASLLCCHEACGTSVIVGVPPASQNLSINPMLLLTGRTWKGAVYGGFKSKEGIPKLVADFMAKKFSLDALITHVLPFEKINEGFDLLHSGKSIRTVLTF
hsa05204,MSTAGKVIKCKAAVLWEVKKPFSIEDVEVAPPKAYEVRIKMVAVGICHTDDHVVSGNLVTPLPVILGHEAAGIVESVGEGVTTVKPGDKVIPLFTPQCGKCRVCKNPESNYCLKNDLGNPRGTLQDGTRRFTCRGKPIHHFLGTSTFSQYTVVDENAVAKIDAASPLEKVCLIGCGFSTGYGSAVNVAKVTPGSTCAVFGLGGVGLSAVMGCKAAGAARIIAVDINKDKFAKAKELGATECINPQDYKKPIQEVLKEMTDGGVDFSFEVIGRLDTMMASLLCCHEACGTSVIVGVPPASQNLSINPMLLLTGRTWKGAVYGGFKSKEGIPKLVADFMAKKFSLDALITHVLPFEKINEGFDLLHSGKSIRTVLTF
hsa05204,MSTAGKVIKCKAAVLWELKKPFSIEEVEVAPPKAHEVRIKMVAAGICRSDEHVVSGNLVTPLPVILGHEAAGIVESVGEGVTTVKPGDKVIPLFTPQCGKCRICKNPESNYCLKNDLGNPRGTLQDGTRRFTCSGKPIHHFVGVSTFSQYTVVDENAVAKIDAASPLEKVCLIGCGFSTGYGSAVKVAKVTPGSTCAVFGLGGVGLSVVMGCKAAGAARIIAVDINKDKFAKAKELGATECINPQDYKKPIQEVLKEMTDGGVDFSFEVIGRLDTMMASLLCCHEACGTSVIVGVPPDSQNLSINPMLLLTGRTWKGAIFGGFKSKESVPKLVADFMAKKFSLDALITNILPFEKINEGFDLLRSGKSIRTVLTF
hsa05204,MFAEIQIQDKDRMGTAGKVIKCKAAVLWEQKQPFSIEEIEVAPPKTKEVRIKILATGICRTDDHVIKGTMVSKFPVIVGHEATGIVESIGEGVTTVKPGDKVIPLFLPQCRECNACRNPDGNLCIRSDITGRGVLADGTTRFTCKGKPVHHFMNTSTFTEYTVVDESSVAKIDDAAPPEKVCLIGCGFSTGYGAAVKTGKVKPGSTCVVFGLGGVGLSVIMGCKSAGASRIIGIDLNKDKFEKAMAVGATECISPKDSTKPISEVLSEMTGNNVGYTFEVIGHLETMIDALASCHMNYGTSVVVGVPPSAKMLTYDPMLLFTGRTWKGCVFGGLKSRDDVPKLVTEFLAKKFDLDQLITHVLPFKKISEGFELLNSGQSIRTVLTF
hsa05204,MGTKGKVIKCKAAIAWEAGKPLCIEEVEVAPPKAHEVRIQIIATSLCHTDATVIDSKFEGLAFPVIVGHEAAGIVESIGPGVTNVKPGDKVIPLYAPLCRKCKFCLSPLTNLCGKISNLKSPASDQQLMEDKTSRFTCKGKPVYHFFGTSTFSQYTVVSDINLAKIDDDANLERVCLLGCGFSTGYGAAINNAKVTPGSTCAVFGLGGVGLSAVMGCKAAGASRIIGIDINSEKFVKAKALGATDCLNPRDLHKPIQEVIIELTKGGVDFALDCAGGSETMKAALDCTTAGWGSCTFIGVAAGSKGLTIFPEELIIGRTINGTFFGGWKSVDSIPKLVTDYKNKKFNLDALVTHTLPFDKISEAFDLMNQGKSVRTILIF
hsa05204,MCTTGQVIRCKAAILWKPGAPFSIEEVEVAPPKAKEVRIKVVATGLCGTEMKVLGSKHLDLLYPTILGHEGAGIVESIGEGVSTVKPGDKVITLFLPQCGECTSCLNSEGNFCIQFKQSKTQLMSDGTSRFTCKGKSIYHFGNTSTFCEYTVIKEISVAKIDAVAPLEKVCLISCGFSTGFGAAINTAKVTPGSTCAVFGLGGVGLSVVMGCKAAGAARIIGVDVNKEKFKKAQELGATECLNPQDLKKPIQEVLFDMTDAGIDFCFEAIGNLDVLAAALASCNESYGVCVVVGVLPASVQLKISGQLFFSGRSLKGSVFGGWKSRQHIPKLVADYMAEKLNLDPLITHTLNLDKINEAVELMKTGKW
hsa05204,MSTTGQVIRCKAAILWKPGAPFSIEEVEVAPPKAKEVRIKVVATGLCGTEMKVLGSKHLDLLYPTILGHEGAGIVESIGEGVSTVKPGDKVITLFLPQCGECTSCLNSEGNFCIQFKQSKTQLMSDGTSRFTCKGKSIYHFGNTSTFCEYTVIKEISVAKIDAVAPLEKVCLISCGFSTGFGAAINTAKVTPGSTCAVFGLGGVGLSVVMGCKAAGAARIIGVDVNKEKFKKAQELGATECLNPQDLKKPIQEVLFDMTDAGIDFCFEAIGNLDVLAGRADSTSLNWLLIIWQRS
hsa05204,MANEVIKCKAAVAWEAGKPLSIEEIEVAPPKAHEVRIKIIATAVCHTDAYTLSGADPEGCFPVILGHEGAGIVESVGEGVTKLKAGDTVIPLYIPQCGECKFCLNPKTNLCQKIRVTQGKGLMPDGTSRFTCKGKTILHYMGTSTFSEYTVVADISVAKIDPLAPLDKVCLLGCGISTGYGAAVNTAKLEPGSVCAVFGLGGVGLAVIMGCKVAGASRIIGVDINKDKFARAKEFGATECINPQDFSKPIQEVLIEMTDGGVDYSFECIGNVKVMRAALEACHKGWGVSVVVGVAASGEEIATRPFQLVTGRTWKGTAFGGWKSVESVPKLVSEYMSKKIKVDEFVTHNLSFDEINKAFELMHSGKSIRTVVKI
hsa05204,MANEVIKCKAAVAWEAGKPLSIEEIEVAPPKAHEVRIKIIATAVCHTDAYTLSGADPEGCFPVILGHEGAGIVESVGEGVTKLKAGDTVIPLYIPQCGECKFCLNPKTNLCQKIRVTQGKGLMPDGTSRFTCKGKTILHYMGTSTFSEYTVVADISVAKIDPLAPLDKVCLLGCGISTGYGAAVNTAKLEPGSVCAVFGLGGVGLAVIMGCKVAGASRIIGVDINKDKFARAKEFGATECINPQDFSKPIQEVLIEMTDGGVDYSFECIGNVKVMRAALEACHKGWGVSVVVGVAASGEEIATRPFQLVTGRTWKGTAFGGWKSVESVPKLVSEYMSKKIKVDEFVTHNLSFDEINKAFELMHSGKSIRTVVKI
hsa05204,MFLAQRSLCSLSGRAKFLKTISSSKILGFSTSAKMSLKFTNAKRIEGLDSNVWIEFTKLAADPSVVNLGQGFPDISPPTYVKEELSKIAAIDSLNQYTRGFGHPSLVKALSYLYEKLYQKQIDSNKEILVTVGAYGSLFNTIQALIDEGDEVILIVPFYDCYEPMVRMAGATPVFIPLRSKPVYGKRWSSSDWTLDPQELESKFNSKTKAIILNTPHNPLGKVYNREELQVIADLCIKYDTLCISDEVYEWLVYSGNKHLKIATFPGMWERTITIGSAGKTFSVTGWKLGWSIGPNHLIKHLQTVQQNTIYTCATPLQEALAQAFWIDIKRMDDPECYFNSLPKELEVKRDRMVRLLESVGLKPIVPDGGYFIIADVSLLDPDLSDMKNNEPYDYKFVKWMTKHKKLSAIPVSAFCNSETKSQFEKFVRFCFIKKDSTLDAAEEIIKAWSVQKS
hsa05204,MFLAQRSLCSLSGRAKFLKTISSSKILGFSTSAKMSLKFTNAKRIEGLDSNVWIEFTKLAADPSVVNLGQGFPDISPPTYVKEELSKIAAIDSLNQYTRGFGHPSLVKALSYLYEKLYQKQIDSNKEILVTVGAYGSLFNTIQALIDEGDEVILIVPFYDCYEPMVRMAGATPVFIPLRSKPVYGKRWSSSDWTLDPQELESKFNSKTKAIILNTPHNPLGKVYNREELQVIADLCIKYDTLCISDEVYEWLVYSGNKHLKIATFPGMWERTITIGSAGKTFSVTGWKLGWSIGPNHLIKHLQTVQQNTIYTCATPLQEALAQAFWIDIKRMDDPECYFNSLPKELEVKRDRMVRLLESVGLKPIVPDGGYFIIADVSLLDPDLSDMKNNEPYDYKFVKWMTKHKKLSAIPVSAFCNSETKSQFEKFVRFCFIKKDSTLDAAEEIIKAWSVQKS
hsa05204,MAKQLQARRLDGIDYNPWVEFVKLASEHDVVNLGQGFPDFPPPDFAVEAFQHAVSGDFMLNQYTKTFGYPPLTKILASFFGELLGQEIDPLRNVLVTVGGYGALFTAFQALVDEGDEVIIIEPFFDCYEPMTMMAGGRPVFVSLKPGPIQNGELGSSSNWQLDPMELAGKFTSRTKALVLNTPNNPLGKVFSREELELVASLCQQHDVVCITDEVYQWMVYDGHQHISIASLPGMWERTLTIGSAGKTFSATGWKVGWVLGPDHIMKHLRTVHQNSVFHCPTQSQAAVAESFEREQLLFRQPSSYFVQFPQAMQRCRDHMIRSLQSVGLKPIIPQGSYFLITDISDFKRKMPDLPGAVDEPYDRRFVKWMIKNKGLVAIPVSIFYSVPHQKHFDHYIRFCFVKDEATLQAMDEKLRKWKVEL
hsa05204,MAKQLQARRLDGIDYNPWVEFVKLASEHDVVNLGQGFPDFPPPDFAVEAFQHAVSGDFMLNQYTKTFGYPPLTKILASFFGELLGQEIDPLRNVLVTVGGYGALFTAFQALVDEGDEVIIIEPFFDCYEPMTMMAGGRPVFVSLKPGPIQNGELGSSSNWQLDPMELAGKFTSRTKALVLNTPNNPLGKVFSREELELVASLCQQHDVVCITDEVYQWMVYDGHQHISIASLPGMWERTLTIGSAGKTFSATGWKVGWVLGPDHIMKHLRTVHQNSVFHCPTQSQAAVAESFEREQLLFRQPSSYFVQFPQAMQRCRDHMIRSLQSVGLKPIIPQGSYFLITDISDFKRKMPDLPGAVDEPYDRRFVKWMIKNKGLVAIPVSIFYSVPHQKHFDHYIRFCFVKDEATLQAMDEKLRKWKVEL
hsa05204,MDSKYQCVKLNDGHFMPVLGFGTYAPAEVPKSKALEAVKLAIEAGFHHIDSAHVYNNEEQVGLAIRSKIADGSVKREDIFYTSKLWSNSHRPELVRPALERSLKNLQLDYVDLYLIHFPVSVKPGEEVIPKDENGKILFDTVDLCATWEAMEKCKDAGLAKSIGVSNFNHRLLEMILNKPGLKYKPVCNQVECHPYFNQRKLLDFCKSKDIVLVAYSALGSHREEPWVDPNSPVLLEDPVLCALAKKHKRTPALIALRYQLQRGVVVLAKSYNEQRIRQNVQVFEFQLTSEEMKAIDGLNRNVRYLTLDIFAGPPNYPFSDEY
