P05177,MALSQSVPFSATELLLASAIFCLVFWVLKGLRPRVPKGLKSPPEPWGWPLLGHVLTLGKNPHLALSRMSQRYGDVLQIRIGSTPVLVLSRLDTIRQALVRQGDDFKGRPDLYTSTLITDGQSLTFSTDSGPVWAARRRLAQNALNTFSIASDPASSSSCYLEEHVSKEAKALISRLQELMAGPGHFDPYNQVVVSVANVIGAMCFGQHFPESSDEMLSLVKNTHEFVETASSGNPLDFFPILRYLPNPALQRFKAFNQRFLWFLQKTVQEHYQDFDKNSVRDITGALFKHSKKGPRASGNLIPQEKIVNLVNDIFGAGFDTVTTAISWSLMYLVTKPEIQRKIQKELDTVIGRERRPRLSDRPQLPYLEAFILETFRHSSFLPFTIPHSTTRDTTLNGFYIPKKCCVFVNQWQVNHDPELWEDPSEFRPERFLTADGTAINKPLSEKMMLFGMGKRRCIGEVLAKWEIFLFLAILLQQLEFSVPPGVKVDLTPIYGLTMKHARCEHVQARRFSIN
A4Z6T7,MDIEAYFERIGYKNSRNKLDLETLTDILEHQIRAVPFENLNMHCGQAMELGLEAIFDHIVRRNRGGWCLQVNQLLYWALTTIGFQTTMLGGYFYIPPVNKYSTGMVHLLLQVTIDGRNYIVDAGSGSSSQMWQPLELISGKDQPQVPCIFCLTEERGIWYLDQIRREQYITNKEFLNSHLLPKKKHQKIYLFTLEPRTIEDFESMNTYLQTSPTSSFITTSFCSLQTPEGVYCLVGFILTYRKFNYKDNTDLVEFKTLTEEEVEEVLRNIFKISLGRNLVPKPGDGSLTI
P11245,MDIEAYFERIGYKNSRNKLDLETLTDILEHQIRAVPFENLNMHCGQAMELGLEAIFDHIVRRNRGGWCLQVNQLLYWALTTIGFQTTMLGGYFYIPPVNKYSTGMVHLLLQVTIDGRNYIVDAGSGSSSQMWQPLELISGKDQPQVPCIFCLTEERGIWYLDQIRREQYITNKEFLNSHLLPKKKHQKIYLFTLEPRTIEDFESMNTYLQTSPTSSFITTSFCSLQTPEGVYCLVGFILTYRKFNYKDNTDLVEFKTLTEEEVEEVLKNIFKISLGRNLVPKPGDGSLTI
P18440,MDIEAYLERIGYKKSRNKLDLETLTDILQHQIRAVPFENLNIHCGDAMDLGLEAIFDQVVRRNRGGWCLQVNHLLYWALTTIGFETTMLGGYVYSTPAKKYSTGMIHLLLQVTIDGRNYIVDAGFGRSYQMWQPLELISGKDQPQVPCVFRLTEENGFWYLDQIRREQYIPNEEFLHSDLLEDSKYRKIYSFTLKPRTIEDFESMNTYLQTSPSSVFTSKSFCSLQTPDGVHCLVGFTLTHRRFNYKDNTDLIEFKTLSEEEIEKVLKNIFNISLQRKLVPKHGDRFFTI
P11509,MLASGMLLVALLVCLTVMVLMSVWQQRKSKGKLPPGPTPLPFIGNYLQLNTEQMYNSLMKISERYGPVFTIHLGPRRVVVLCGHDAVREALVDQAEEFSGRGEQATFDWVFKGYGVVFSNGERAKQLRRFSIATLRDFGVGKRGIEERIQEEAGFLIDALRGTGGANIDPTFFLSRTVSNVISSIVFGDRFDYKDKEFLSLLRMMLGIFQFTSTSTGQLYEMFSSVMKHLPGPQQQAFQLLQGLEDFIAKKVEHNQRTLDPNSPRDFIDSFLIRMQEEEKNPNTEFYLKNLVMTTLNLFIGGTETVSTTLRYGFLLLMKHPEVEAKVHEEIDRVIGKNRQPKFEDRAKMPYMEAVIHEIQRFGDVIPMSLARRVKKDTKFRDFFLPKGTEVFPMLGSVLRDPSFFSNPQDFNPQHFLNEKGQFKKSDAFVPFSIGKRNCFGEGLARMELFLFFTTVMQNFRLKSSQSPKDIDVSPKHVGFATIPRNYTMSFLPR
P47989,MTADKLVFFVNGRKVVEKNADPETTLLAYLRRKLGLSGTKLGCGEGGCGACTVMLSKYDRLQNKIVHFSANACLAPICSLHHVAVTTVEGIGSTKTRLHPVQERIAKSHGSQCGFCTPGIVMSMYTLLRNQPEPTMEEIENAFQGNLCRCTGYRPILQGFRTFARDGGCCGGDGNNPNCCMNQKKDHSVSLSPSLFKPEEFTPLDPTQEPIFPPELLRLKDTPRKQLRFEGERVTWIQASTLKELLDLKAQHPDAKLVVGNTEIGIEMKFKNMLFPMIVCPAWIPELNSVEHGPDGISFGAACPLSIVEKTLVDAVAKLPAQKTEVFRGVLEQLRWFAGKQVKSVASVGGNIITASPISDLNPVFMASGAKLTLVSRGTRRTVQMDHTFFPGYRKTLLSPEEILLSIEIPYSREGEYFSAFKQASRREDDIAKVTSGMRVLFKPGTTEVQELALCYGGMANRTISALKTTQRQLSKLWKEELLQDVCAGLAEELHLPPDAPGGMVDFRCTLTLSFFFKFYLTVLQKLGQENLEDKCGKLDPTFASATLLFQKDPPADVQLFQEVPKGQSEEDMVGRPLPHLAADMQASGEAVYCDDIPRYENELSLRLVTSTRAHAKIKSIDTSEAKKVPGFVCFISADDVPGSNITGICNDETVFAKDKVTCVGHIIGAVVADTPEHTQRAAQGVKITYEELPAIITIEDAIKNNSFYGPELKIEKGDLKKGFSEADNVVSGEIYIGGQEHFYLETHCTIAVPKGEAGEMELFVSTQNTMKTQSFVAKMLGVPANRIVVRVKRMGGGFGGKETRSTVVSTAVALAAYKTGRPVRCMLDRDEDMLITGGRHPFLARYKVGFMKTGTVVALEVDHFSNVGNTQDLSQSIMERALFHMDNCYKIPNIRGTGRLCKTNLPSNTAFRGFGGPQGMLIAECWMSEVAVTCGMPAEEVRRKNLYKEGDLTHFNQKLEGFTLPRCWEECLASSQYHARKSEVDKFNKENCWKKRGLCIIPTKFGISFTVPFLNQAGALLHVYTDGSVLLTHGGTEMGQGLHTKMVQVASRALKIPTSKIYISETSTNTVPNTSPTAASVSADLNGQAVYAACQTILKRLEPYKKKNPSGSWEDWVTAAYMDTVSLSATGFYRTPNLGYSFETNSGNPFHYFSYGVACSEVEIDCLTGDHKNLRTDIVMDVGSSLNPAIDIGQVEGAFVQGLGLFTLEELHYSPEGSLHTRGPSTYKIPAFGSIPIEFRVSLLRDCPNKKAIYASKAVGEPPLFLAASIFFAIKDAIRAARAQHTGNNVKELFRLDSPATPEKIRNACVDKFTTLCVTGVPENCKPWSVRV
P00492,MATRSPGVVISDDEPGYDLDLFCIPNHYAEDLERVFIPHGLIMDRTERLARDVMKEMGGHHIVALCVLKGGYKFFADLLDYIKALNRNSDRSIPMTVDFIRLKSYCNDQSTGDIKVIGGDDLSTLTGKNVLIVEDIIDTGKTMQTLLSLVRQYNPKMVKVASLLVKRTPRSVGYKPDFVGFEIPDKFVVGYALDYNEYFRDLNHVCVISETGKAKYKA
B3KRZ3,MDRLRRASMADYLISGGTGYVPEDGLTAQQLFASADGLTYNDFLILPGFIDFIADEVDLTSALTRKITLKTPLISSPMDTVTEADMAIAMALMGGIGFIHHNCTPEFQANEVRKVKKFEQGFITDPVVLSPSHTVGDVLEAKMRHGFSGIPITETGTMGSKLVGIVTSRDIDFLAEKDHTTLLSEVMTPRIELVVAPAGVTLKEANEILQRSKKGKLPIVNDCDELVAIIARTDLKKNRDYPLASKDSQKQLLCGAAVGTREDDKYRLDLLTQAGVDVIVLDSSQGNSVYQIAMVHYIKQKYPHLQVIGGNVVTAAQAKNLIDAGVDGLRVGMGCGSICITQEVMACGRPQGTAVYKVAEYARRFGVPIIADGGIQTVGHVVKALALGASTVMMGSLLAATTEAPGEYFFSDGVRLKKYRGMGSLDAMEKSSSSQKRYFSEGDKVKIAQGVSGSIQDKGSIQKFVPHLIAGIQHGCQDIGARSLSVLRSMMYSGELKFEKRTMSAQIEGGVHGLHSYEKRLY
P20839,MADYLISGGTGYVPEDGLTAQQLFASADGLTYNDFLILPGFIDFIADEVDLTSALTRKITLKTPLISSPMDTVTEADMAIAMALMGGIGFIHHNCTPEFQANEVRKVKKFEQGFITDPVVLSPSHTVGDVLEAKMRHGFSGIPITETGTMGSKLVGIVTSRDIDFLAEKDHTTLLSEVMTPRIELVVAPAGVTLKEANEILQRSKKGKLPIVNDCDELVAIIARTDLKKNRDYPLASKDSQKQLLCGAAVGTREDDKYRLDLLTQAGVDVIVLDSSQGNSVYQIAMVHYIKQKYPHLQVIGGNVVTAAQAKNLIDAGVDGLRVGMGCGSICITQEVMACGRPQGTAVYKVAEYARRFGVPIIADGGIQTVGHVVKALALGASTVMMGSLLAATTEAPGEYFFSDGVRLKKYRGMGSLDAMEKSSSSQKRYFSEGDKVKIAQGVSGSIQDKGSIQKFVPYLIAGIQHGCQDIGARSLSVLRSMMYSGELKFEKRTMSAQIEGGVHGLHSYEKRLY
P12268,MADYLISGGTSYVPDDGLTAQQLFNCGDGLTYNDFLILPGYIDFTADQVDLTSALTKKITLKTPLVSSPMDTVTEAGMAIAMALTGGIGFIHHNCTPEFQANEVRKVKKYEQGFITDPVVLSPKDRVRDVFEAKARHGFCGIPITDTGRMGSRLVGIISSRDIDFLKEEEHDCFLEEIMTKREDLVVAPAGITLKEANEILQRSKKGKLPIVNEDDELVAIIARTDLKKNRDYPLASKDAKKQLLCGAAIGTHEDDKYRLDLLAQAGVDVVVLDSSQGNSIFQINMIKYIKDKYPNLQVIGGNVVTAAQAKNLIDAGVDALRVGMGSGSICITQEVLACGRPQATAVYKVSEYARRFGVPVIADGGIQNVGHIAKALALGASTVMMGSLLAATTEAPGEYFFSDGIRLKKYRGMGSLDAMDKHLSSQNRYFSEADKIKVAQGVSGAVQDKGSIHKFVPYLIAGIQHSCQDIGAKSLTQVRAMMYSGELKFEKRTSSAQVEGGVHSLHSYEKRLF
P49915,MALCNGDSKLENAGGDLKDGHHHYEGAVVILDAGAQYGKVIDRRVRELFVQSEIFPLETPAFAIKEQGFRAIIISGGPNSVYAEDAPWFDPAIFTIGKPVLGICYGMQMMNKVFGGTVHKKSVREDGVFNISVDNTCSLFRGLQKEEVVLLTHGDSVDKVADGFKVVARSGNIVAGIANESKKLYGAQFHPEVGLTENGKVILKNFLYDIAGCSGTFTVQNRELECIREIKERVGTSKVLVLLSGGVDSTVCTALLNRALNQEQVIAVHIDNGFMRKRESQSVEEALKKLGIQVKVINAAHSFYNGTTTLPISDEDRTPRKRISKTLNMTTSPEEKRKIIGDTFVKIANEVIGEMNLKPEEVFLAQGTLRPDLIESASLVASGKAELIKTHHNDTELIRKLREEGKVIEPLKDFHKDEVRILGRELGLPEELVSRHPFPGPGLAIRVICAEEPYICKDFPETNNILKIVADFSASVKKPHTLLQRVKACTTEEDQEKLMQITSLHSLNAFLLPIKTVGVQGDCRSYSYVCGISSKDEPDWESLIFLARLIPRMCHNVNRVVYIFGPPVKEPPTDVTPTFLTTGVLSTLRQADFEAHNILRESGYAGKISQMPVILTPLHFDRDPLQKQPSCQRSVVIRTFITSDFMTGIPATPGNEIPVEVVLKMVTEIKKIPGISRIMYDLTSKPPGTTEWE
A0A024QZW0,MDGTRTSLDIEEYSDTEVQKNQVLTLEEWQDKWVNGKTAFHQEQGHQLLKKHLDTFLKGKSGLRVFFPLCGKAVEMKWFADRGHSVVGVEISELGIQEFFTEQNLSYSEEPITEIPGTKVFKSSSGNISLYCCSIFDLPRTNIGKFDMIWDRGALVAINPGDRKCYADTMFSLLGKKFQYLLCVLSYDPTKHPGPPFYVPHAEIERLFGKICNIRCLEKVDAFEERHKSWGIDCLFEKLYLLTEK
P51580,MDGTRTSLDIEEYSDTEVQKNQVLTLEEWQDKWVNGKTAFHQEQGHQLLKKHLDTFLKGKSGLRVFFPLCGKAVEMKWFADRGHSVVGVEISELGIQEFFTEQNLSYSEEPITEIPGTKVFKSSSGNISLYCCSIFDLPRTNIGKFDMIWDRGALVAINPGDRKCYADTMFSLLGKKFQYLLCVLSYDPTKHPGPPFYVPHAEIERLFGKICNIRCLEKVDAFEERHKSWGIDCLFEKLYLLTEK
Q9BY32,MAASLVGKKIVFVTGNAKKLEEVVQILGDKFPCTLVAQKIDLPEYQGEPDEISIQKCQEAVRQVQGPVLVEDTCLCFNALGGLPGPYIKWFLEKLKPEGLHQLLAGFEDKSAYALCTFALSTGDPSQPVRLFRGRTSGRIVAPRGCQDFGWDPCFQPDGYEQTYAEMPKAEKNAVSHRFRALLELQEYFGSLAA
P23141,MWLRAFILATLSASAAWGHPSSPPVVDTVHGKVLGKFVSLEGFAQPVAIFLGIPFAKPPLGPLRFTPPQPAEPWSFVKNATSYPPMCTQDPKAGQLLSELFTNRKENIPLKLSEDCLYLNIYTPADLTKKNRLPVMVWIHGGGLMVGAASTYDGLALAAHENVVVVTIQYRLGIWGFFSTGDEHSRGNWGHLDQVAALRWVQDNIASFGGNPGSVTIFGESAGGESVSVLVLSPLAKNLFHRAISESGVALTSVLVKKGDVKPLAEQIAITAGCKTTTSAVMVHCLRQKTEEELLETTLKMKFLSLDLQGDPRESQPLLGTVIDGMLLLKTPEELQAERNFHTVPYMVGINKQEFGWLIPMQLMSYPLSEGQLDQKTAMSLLWKSYPLVCIAKELIPEATEKYLGGTDDTVKKKDLFLDLIADVMFGVPSVIVARNHRDAGAPTYMYEFQYRPSFSSDMKPKTVIGDHGDELFSVFGAPFLKEGASEEEIRLSKMVMKFWANFARNGNPNGEGLPHWPEYNQKEGYLQIGANTQAAQKLKDKEVAFWTNLFAKKAVEKPPQTEHIEL
A0A024R6X1,MTAQSRSPTTPTFPGPSQRTPLTPCPVQTPRLGKALIHCWTDPGQPLGEQQRVRRQRTETSEPTMRLHRLRARLSAVACGLLLLLVRGQGQDSASPIRTTHTGQVLGSLVHVKGANAGVQTFLGIPFAKPPLGPLRFAPPEPPESWSGVRDGTTHPAMCLQDLTAVESEFLSQFNMTFPSDSMSEDCLYLSIYTPAHSHEGSNLPVMVWIHGGALVFGMASLYDGSMLAALENVVVVIIQYRLGVLGFFSTGDKHATGNWGYLDQVAALRWVQQNIAHFGGNPDRVTIFGESAGGTSVSSLVVSPISQGLFHGAIMESGVALLPGLIASSADVISTVVANLSACDQVDSEALVGCLRGKSKEEILAINKPFKMIPGVVDGVFLPRHPQELLASADFQPVPSIVGVNNNEFGWLIPKVMRIYDTQKEMDREASQAALQKMLTLLMLPPTFGDLLREEYIGDNGDPQTLQAQFQEMMADSMFVIPALQVAHFQCSRAPVYFYEFQHQPSWLKNIRPPHMKADHGDELPFVFRSFFGGNYIKFTEEEEQLSRKMMKYWANFARNGNPNGEGLPHWPLFDQEEQYLQLNLQPAVGRALKAHRLQFWKKALPQKIQELEEPEERHTEL
O00748,MRLHRLRARLSAVACGLLLLLVRGQGQDSASPIRTTHTGQVLGSLVHVKGANAGVQTFLGIPFAKPPLGPLRFAPPEPPESWSGVRDGTTHPAMCLQDLTAVESEFLSQFNMTFPSDSMSEDCLYLSIYTPAHSHEGSNLPVMVWIHGGALVFGMASLYDGSMLAALENVVVVIIQYRLGVLGFFSTGDKHATGNWGYLDQVAALRWVQQNIAHFGGNPDRVTIFGESAGGTSVSSLVVSPISQGLFHGAIMESGVALLPGLIASSADVISTVVANLSACDQVDSEALVGCLRGKSKEEILAINKPFKMIPGVVDGVFLPRHPQELLASADFQPVPSIVGVNNNEFGWLIPKVMRIYDTQKEMDREASQAALQKMLTLLMLPPTFGDLLREEYIGDNGDPQTLQAQFQEMMADSMFVIPALQVAHFQCSRAPVYFYEFQHQPSWLKNIRPPHMKADHGDELPFVFRSFFGGNYIKFTEEEEQLSRKMMKYWANFARNGNPNGEGLPHWPLFDQEEQYLQLNLQPAVGRALKAHRLQFWKKALPQKIQELEEPEERHTEL
Q9Y4X1,MLNNLLLFSLQISLIGTTLGGNVLIWPMEGSHWLNVKIIIDELIKKEHNVTVLVASGALFITPTSNPSLTFEIYRVPFGKERIEGVIKDFVLTWLENRPSPSTIWRFYQEMAKVIKDFHMVSQEICDGVLKNQQLMAKLKKSKFEVLVSDPVFPCGDIVALKLGIPFMYSLRFSPASTVEKHCGKVPYPPSYVPAVLSELTDQMSFTDRIRNFISYHLQDYMFETLWKSWDSYYSKALGRPTTLCETMGKAEIWLIRTYWDFEFPRPYLPNFEFVGGLHCKPAKPLPKEMEEFIQSSGKNGVVVFSLGSMVKNLTEEKANLIASALAQIPQKVLWRYKGKKPATLGNNTQLFDWIPQNDLLGHPKTKAFITHGGTNGIYEAIYHGVPMVGVPMFADQPDNIAHMKAKGAAVEVNLNTMTSVDLLSALRTVINEPSYKENAMRLSRIHHDQPVKPLDRAVFWIEFVMRHKGAKHLRVAAHDLTWFQYHSLDVIGFLLVCVTTAIFLVIQCCLFSCQKFGKIGKKKKRE
Q6UWM9,MRSDKSALVFLLLQLFCVGCGFCGKVLVWPCDMSHWLNVKVILEELIVRGHEVTVLTHSKPSLIDYRKPSALKFEVVHMPQDRTEENEIFVDLALNVLPGLSTWQSVIKLNDFFVEIRGTLKMMCESFIYNQTLMKKLQETNYDVMLIDPVIPCGDLMAELLAVPFVLTLRISVGGNMERSCGKLPAPLSYVPVPMTGLTDRMTFLERVKNSMLSVLFHFWIQDYDYHFWEEFYSKALGRPTTLCETVGKAEIWLIRTYWDFEFPQPYQPNFEFVGGLHCKPAKALPKEMENFVQSSGEDGIVVFSLGSLFQNVTEEKANIIASALAQIPQKVLWRYKGKKPSTLGANTRLYDWIPQNDLLGHPKTKAFITHGGMNGIYEAIYHGVPMVGVPIFGDQLDNIAHMKAKGAAVEINFKTMTSEDLLRALRTVITDSSYKENAMRLSRIHHDQPVKPLDRAVFWIEFVMRHKGAKHLRSAAHDLTWFQHYSIDVIGFLLACVATAIFLFTKCFLFSCQKFNKTRKIEKRE
O75795,MSLKWMSVFLLMQLSCYFSSGSCGKVLVWPTEYSHWINMKTILEELVQRGHEVIVLTSSASILVNASKSSAIKLEVYPTSLTKNDLEDFFMKMFDRWTYSISKNTFWSYFSQLQELCWEYSDYNIKLCEDAVLNKKLMRKLQESKFDVLLADAVNPCGELLAELLNIPFLYSLRFSVGYTVEKNGGGFLFPPSYVPVVMSELSDQMIFMERIKNMIYMLYFDFWFQAYDLKKWDQFYSEVLGRPTTLFETMGKAEMWLIRTYWDFEFPRPFLPNVDFVGGLHCKPAKPLPKEMEEFVQSSGENGIVVFSLGSMISNMSEESANMIASALAQIPQKVLWRFDGKKPNTLGSNTRLYKWLPQNDLLGHPKTKAFITHGGTNGIYEAIYHGIPMVGIPLFADQHDNIAHMKAKGAALSVDIRTMSSRDLLNALKSVINDPIYKENIMKLSRIHHDQPVKPLDRAVFWIEFVMRHKGAKHLRVAAHNLTWIQYHSLDVIAFLLACVATMIFMITKCCLFCFRKLAKTGKKKKRD
O75310,MTLKWTSVLLLIHLSCYFSSGSCGKVLVWAAEYSHWMNMKTILKELVQRGHEVTVLASSASILFDPNDASTLKFEVYPTSLTKTEFENIIMQQVKRWSDIRKDSFWLYFSQEQEILWELYDIFRNFCKDVVSNKKVMKKLQESRFDIVFADAVFPCGELLAALLNIRFVYSLRFTPGYTIERHSGGLIFPPSYIPIVMSKLSDQMTFMERVKNMIYVLYFDFWFQMSDMKKWDQFYSEVLGRPTTLFETMGKADIWLMRNSWSFQFPHPFLPNVDFVGGFHCKPAKPLPKEMEEFVQSSGENGVVVFSLGSVISNMTAERANVIATALAKIPQKVLWRFDGNKPDALGLNTRLYKWIPQNDLLGHPKTRAFITHGGANGIYEAIYHGIPMVGIPLFFDQPDNIAHMKAKGAAVRLDFNTMSSTDLLNALKTVINDPLYKENIMKLSRIQHDQPVKPLDRAVFWIEFVMPHKGAKHLRVAAHDLTWFQYHSLDVIGFLLACVATVIFIITKFCLFCFWKFARKGKKGKRD
Q9BY64,MALKWTSVLLLIHLGCYFSSGSCGKVLVWTGEYSHWMNMKTILKELVQRGHEVTVLASSASILFDPNDAFTLKLEVYPTSLTKTEFENIIMQQVKRWSDIQKDSFWLYFSQEQEILWEFHDIFRNFCKDVVSNKKVMKKLQESRFDIIFADAFFPCGELLAALLNIPFVYSLCFTPGYTIERHSGGLIFPPSYIPVVMSKLSDQMTFMERVKNMIYVLYFDFWFQMCDMKKWDQFYSEVLGRPTTLFETMGKADIWLMRNSWSFQFPHPFLPNIDFVGGLHCKPAKPLPKEMEEFVQSSGENGVVVFSLGSVISNMTAERANVIATALAKIPQKVLWRFDGNKPDALGLNTRLYKWIPQNDLLGLPKTRAFITHGGANGIYEAIYHGIPMVGIPLFWDQPDNIAHMKAKGAAVRLDFHTMSSTDLLNALKTVINDPSYKENVMKLSIIQHDQPVKPLHRAVFWIEFVMCHKGAKHLRVAARDLTWFQYHSLDVIGFLLACVATVIFVVTKFCLFCFWKFARKGKKGKRD
P19224,MACLLRSFQRISAGVFFLALWGMVVGDKLLVVPQDGSHWLSMKDIVEVLSDRGHEIVVVVPEVNLLLKESKYYTRKIYPVPYDQEELKNRYQSFGNNHFAERSFLTAPQTEYRNNMIVIGLYFINCQSLLQDRDTLNFFKESKFDALFTDPALPCGVILAEYLGLPSVYLFRGFPCSLEHTFSRSPDPVSYIPRCYTKFSDHMTFSQRVANFLVNLLEPYLFYCLFSKYEELASAVLKRDVDIITLYQKVSVWLLRYDFVLEYPRPVMPNMVFIGGINCKKRKDLSQEFEAYINASGEHGIVVFSLGSMVSEIPEKKAMAIADALGKIPQTVLWRYTGTRPSNLANNTILVKWLPQNDLLGHPMTRAFITHAGSHGVYESICNGVPMVMMPLFGDQMDNAKRMETKGAGVTLNVLEMTSEDLENALKAVINDKSYKENIMRLSSLHKDRPVEPLDLAVFWVEFVMRHKGAPHLRPAAHDLTWYQYHSLDVIGFLLAVVLTVAFITFKCCAYGYRKCLGKKGRVKKAHKSKTH
Q5DSZ8,MACLLRSFQRISAGVFFLALWGMVVGDKLLVVPQDGSHWLSMKDIVEVLSDRGHEIVVVVPEVNLLLKESKYYTRKIYPVPYDQEELKNRYQSFGNNHFAERSFLTAPQTEYRNNMIVIGLYFINCQSLLQDRDTLNFFKESKFDALFTDPALPCGVILAEYLGLPSVYLFRGFPCSLEHTFSRSPDPVSYIPRCYTKFSDHMTFSQRVANFLVNLLEPYLFYCLFSKYEELASAVLKRDVDIITLYQKVSVWLLRYDFVLEYPRPVMPNMVFIGGINCKKRKDLSQEFEAYINASGEHGIVVFSLGSMVSEIPEKKAMAIADALGKIPQTVLWRYTGTRPSNLANNTILVKWLPQNDLLGHPMTRAFITHAGSHGVYESICNGVPMVMMPLFGDQMDNAKRMETKGAGVTLNVLEMTSEDLENALKAVINDKSYKENIMRLSSLHKDRPVEPLDLAVFWVEFVMRHKGAPHLRPAAHDLTWYQYHSLDVIGFLLAVVLTVAFITFKCCAYGYRKCLGKKGRVKKAHKSKTH
P22310,MARGLQVPLPRLATGLLLLLSVQPWAESGKVLVVPTDGSPWLSMREALRELHARGHQAVVLTPEVNMHIKEEKFFTLTAYAVPWTQKEFDRVTLGYTQGFFETEHLLKRYSRSMAIMNNVSLALHRCCVELLHNEALIRHLNATSFDVVLTDPVNLCGAVLAKYLSIPAVFFWRYIPCDLDFKGTQCPNPSSYIPKLLTTNSDHMTFLQRVKNMLYPLALSYICHTFSAPYASLASELFQREVSVVDLVSYASVWLFRGDFVMDYPRPIMPNMVFIGGINCANGKPLSQEFEAYINASGEHGIVVFSLGSMVSEIPEKKAMAIADALGKIPQTVLWRYTGTRPSNLANNTILVKWLPQNDLLGHPMTRAFITHAGSHGVYESICNGVPMVMMPLFGDQMDNAKRMETKGAGVTLNVLEMTSEDLENALKAVINDKSYKENIMRLSSLHKDRPVEPLDLAVFWVEFVMRHKGAPHLRPAAHDLTWYQYHSLDVIGFLLAVVLTVAFITFKCCAYGYRKCLGKKGRVKKAHKSKTH
P22309,MAVESQGGRPLVLGLLLCVLGPVVSHAGKILLIPVDGSHWLSMLGAIQQLQQRGHEIVVLAPDASLYIRDGAFYTLKTYPVPFQREDVKESFVSLGHNVFENDSFLQRVIKTYKKIKKDSAMLLSGCSHLLHNKELMASLAESSFDVMLTDPFLPCSPIVAQYLSLPTVFFLHALPCSLEFEATQCPNPFSYVPRPLSSHSDHMTFLQRVKNMLIAFSQNFLCDVVYSPYATLASEFLQREVTVQDLLSSASVWLFRSDFVKDYPRPIMPNMVFVGGINCLHQNPLSQEFEAYINASGEHGIVVFSLGSMVSEIPEKKAMAIADALGKIPQTVLWRYTGTRPSNLANNTILVKWLPQNDLLGHPMTRAFITHAGSHGVYESICNGVPMVMMPLFGDQMDNAKRMETKGAGVTLNVLEMTSEDLENALKAVINDKSYKENIMRLSSLHKDRPVEPLDLAVFWVEFVMRHKGAPHLRPAAHDLTWYQYHSLDVIGFLLAVVLTVAFITFKCCAYGYRKCLGKKGRVKKAHKSKTH
Q5DT03,MAVESQGGRPLVLGLLLCVLGPVVSHAGKILLIPVDGSHWLSMLGAIQQLQQRGHEIVVLAPDASLYIRDGAFYTLKTYPVPFQREDVKESFVSLGHNVFENDSFLQRVIKTYKKIKKDSAMLLSGCSHLLHNKELMASLAESSFDVMLTDPFLPCSPIVAQYLSLPTVFFLHALPCSLEFEATQCPNPFSYVPRPLSSHSDHMTFLQRVKNMLIAFSQNFLCDVVYSPYATLASEFLQREVTVQDLLSSASVWLFRSDFVKDYPRPIMPNMVFVGGINCLHQNPLSQEFEAYINASGEHGIVVFSLGSMVSEIPEKKAMAIADALGKIPQTVLWRYTGTRPSNLANNTILVKWLPQNDLLGHPMTRAFITHAGSHGVYESICNGVPMVMMPLFGDQMDNAKRMETKGAGVTLNVLEMTSEDLENALKAVINDKSYKENIMRLSSLHKDRPVEPLDLAVFWVEFVMRHKGAPHLRPAAHDLTWYQYHSLDVIGFLLAVVLTVAFITFKCCAYGYRKCLGKKGRVKKAHKSKTH
P35503,MATGLQVPLPWLATGLLLLLSVQPWAESGKVLVVPIDGSHWLSMREVLRELHARGHQAVVLTPEVNMHIKEENFFTLTTYAISWTQDEFDRHVLGHTQLYFETEHFLKKFFRSMAMLNNMSLVYHRSCVELLHNEALIRHLNATSFDVVLTDPVNLCAAVLAKYLSIPTVFFLRNIPCDLDFKGTQCPNPSSYIPRLLTTNSDHMTFMQRVKNMLYPLALSYICHAFSAPYASLASELFQREVSVVDILSHASVWLFRGDFVMDYPRPIMPNMVFIGGINCANRKPLSQEFEAYINASGEHGIVVFSLGSMVSEIPEKKAMAIADALGKIPQTVLWRYTGTRPSNLANNTILVKWLPQNDLLGHPMTRAFITHAGSHGVYESICNGVPMVMMPLFGDQMDNAKRMETKGAGVTLNVLEMTSEDLENALKAVINDKSYKENIMRLSSLHKDRPVEPLDLAVFWVEFVMRHKGAPHLRPAAHDLTWYQYHSLDVIGFLLAVVLTVAFITFKCCAYGYRKCLGKKGRVKKAHKSKTH
Q5DT01,MATGLQVPLPWLATGLLLLLSVQPWAESGKVLVVPIDGSHWLSMREVLRELHARGHQAVVLTPEVNMHIKEENFFTLTTYAISWTQDEFDRHVLGHTQLYFETEHFLKKFFRSMAMLNNMSLVYHRSCVELLHNEALIRHLNATSFDVVLTDPVNLCAAVLAKYLSIPTVFFLRNIPCDLDFKGTQCPNPSSYIPRLLTTNSDHMTFMQRVKNMLYPLALSYICHAFSAPYASLASELFQREVSVVDILSHASVWLFRGDFVMDYPRPIMPNMVFIGGINCANRKPLSQEFEAYINASGEHGIVVFSLGSMVSEIPEKKAMAIADALGKIPQTVLWRYTGTRPSNLANNTILVKWLPQNDLLGHPMTRAFITHAGSHGVYESICNGVPMVMMPLFGDQMDNAKRMETKGAGVTLNVLEMTSEDLENALKAVINDKSYKENIMRLSSLHKDRPVEPLDLAVFWVEFVMRHKGAPHLRPAAHDLTWYQYHSLDVIGFLLAVVLTVAFITFKCCAYGYRKCLGKKGRVKKAHKSKTH
P36537,MALKWTTVLLIQLSFYFSSGSCGKVLVWAAEYSLWMNMKTILKELVQRGHEVTVLASSASILFDPNDSSTLKLEVYPTSLTKTEFENIIMQLVKRLSEIQKDTFWLPFSQEQEILWAINDIIRNFCKDVVSNKKLMKKLQESRFDIVFADAYLPCGELLAELFNIPFVYSHSFSPGYSFERHSGGFIFPPSYVPVVMSKLSDQMTFMERVKNMLYVLYFDFWFQIFNMKKWDQFYSEVLGRPTTLSETMRKADIWLMRNSWNFKFPHPFLPNVDFVGGLHCKPAKPLPKEMEEFVQSSGENGVVVFSLGSMVSNMTEERANVIATALAKIPQKVLWRFDGNKPDALGLNTRLYKWIPQNDLLGHPKTRAFITHGGANGIYEAIYHGIPMVGIPLFFDQPDNIAHMKAKGAAVRVDFNTMSSTDLLNALKTVINDPSYKENIMKLSRIQHDQPVKPLDRAVFWIEFVMRHKGAKHLRVAAHNLTWFQYHSLDVIGFLLACVATVLFIITKCCLFCFWKFARKGKKGKRD
O60656,MACTGWTSPLPLCVCLLLTCGFAEAGKLLVVPMDGSHWFTMRSVVEKLILRGHEVVVVMPEVSWQLGRSLNCTVKTYSTSYTLEDLDREFKAFAHAQWKAQVRSIYSLLMGSYNDIFDLFFSNCRSLFKDKKLVEYLKESSFDAVFLDPFDNCGLIVAKYFSLPSVVFARGILCHYLEEGAQCPAPLSYVPRILLGFSDAMTFKERVRNHIMHLEEHLLCHRFFKNALEIASEILQTPVTEYDLYSHTSIWLLRTDFVLDYPKPVMPNMIFIGGINCHQGKPLPMEFEAYINASGEHGIVVFSLGSMVSEIPEKKAMAIADALGKIPQTVLWRYTGTRPSNLANNTILVKWLPQNDLLGHPMTRAFITHAGSHGVYESICNGVPMVMMPLFGDQMDNAKRMETKGAGVTLNVLEMTSEDLENALKAVINDKSYKENIMRLSSLHKDRPVEPLDLAVFWVEFVMRHKGAPHLRPAAHDLTWYQYHSLDVIGFLLAVVLTVAFITFKCCAYGYRKCLGKKGRVKKAHKSKTH
Q5DSZ5,MACTGWTSPLPLCVCLLLTCGFAEAGKLLVVPMDGSHWFTMRSVVEKLILRGHEVVVVMPEVSWQLGRSLNCTVKTYSTSYTLEDLDREFKAFAHAQWKAQVRSIYSLLMGSYNDIFDLFFSNCRSLFKDKKLVEYLKESSFDAVFLDPFDNCGLIVAKYFSLPSVVFARGILCHYLEEGAQCPAPLSYVPRILLGFSDAMTFKERVRNHIMHLEEHLLCHRFFKNALEIASEILQTPVTEYDLYSHTSIWLLRTDFVLDYPKPVMPNMIFIGGINCHQGKPLPMEFEAYINASGEHGIVVFSLGSMVSEIPEKKAMAIADALGKIPQTVLWRYTGTRPSNLANNTILVKWLPQNDLLGHPMTRAFITHAGSHGVYESICNGVPMVMMPLFGDQMDNAKRMETKGAGVTLNVLEMTSEDLENALKAVINDKSYKENIMRLSSLHKDRPVEPLDLAVFWVEFVMRHKGAPHLRPAAHDLTWYQYHSLDVIGFLLAVVLTVAFITFKCCAYGYRKCLGKKGRVKKAHKSKTH
P16662,MSVKWTSVILLIQLSFCFSSGNCGKVLVWAAEYSHWMNIKTILDELIQRGHEVTVLASSASILFDPNNSSALKIEIYPTSLTKTELENFIMQQIKRWSDLPKDTFWLYFSQVQEIMSIFGDITRKFCKDVVSNKKFMKKVQESRFDVIFADAIFPCSELLAELFNIPFVYSLSFSPGYTFEKHSGGFIFPPSYVPVVMSELTDQMTFMERVKNMIYVLYFDFWFEIFDMKKWDQFYSEVLGRPTTLSETMGKADVWLIRNSWNFQFPHPLLPNVDFVGGLHCKPAKPLPKEMEDFVQSSGENGVVVFSLGSMVSNMTEERANVIASALAQIPQKVLWRFDGNKPDTLGLNTRLYKWIPQNDLLGHPKTRAFITHGGANGIYEAIYHGIPMVGIPLFADQPDNIAHMKARGAAVRVDFNTMSSTDLLNALKRVINDPSYKENVMKLSRIQHDQPVKPLDRAVFWIEFVMRHKGAKHLRVAAHDLTWFQYHSLDVIGFLLVCVATVIFIVTKCCLFCFWKFARKAKKGKND
Q5DT02,MARAGWTSPVPLCVCLLLTCGFAEAGKLLVVPMDGSHWFTMQSVVEKLILRGHEVVVVMPEVSWQLERSLNCTVKTYSTSYTLEDQNREFMVFAHAQWKAQAQSIFSLLMSSSSGFLDLFFSHCRSLFNDRKLVEYLKESSFDAVFLDPFDTCGLIVAKYFSLPSVVFTRGIFCHHLEEGAQCPAPLSYVPNDLLGFSDAMTFKERVWNHIVHLEDHLFCQYLFRNALEIASEILQTPVTAYDLYSHTSIWLLRTDFVLDYPKPVMPNMIFIGGINCHQGKPLPMEFEAYINASGEHGIVVFSLGSMVSEIPEKKAMAIADALGKIPQTVLWRYTGTRPSNLANNTILVKWLPQNDLLGHPMTRAFITHAGSHGVYESICNGVPMVMMPLFGDQMDNAKRMETKGAGVTLNVLEMTSEDLENALKAVINDKSYKENIMRLSSLHKDRPVEPLDLAVFWVEFVMRHKGAPHLRPAAHDLTWYQYHSLDVIGFLLAVVLTVAFITFKCCAYGYRKCLGKKGRVKKAHKSKTH
Q9HAW8,MARAGWTSPVPLCVCLLLTCGFAEAGKLLVVPMDGSHWFTMQSVVEKLILRGHEVVVVMPEVSWQLERSLNCTVKTYSTSYTLEDQNREFMVFAHAQWKAQAQSIFSLLMSSSSGFLDLFFSHCRSLFNDRKLVEYLKESSFDAVFLDPFDTCGLIVAKYFSLPSVVFTRGIFCHHLEEGAQCPAPLSYVPNDLLGFSDAMTFKERVWNHIVHLEDHLFCQYLFRNALEIASEILQTPVTAYDLYSHTSIWLLRTDFVLDYPKPVMPNMIFIGGINCHQGKPLPMEFEAYINASGEHGIVVFSLGSMVSEIPEKKAMAIADALGKIPQTVLWRYTGTRPSNLANNTILVKWLPQNDLLGHPMTRAFITHAGSHGVYESICNGVPMVMMPLFGDQMDNAKRMETKGAGVTLNVLEMTSEDLENALKAVINDKSYKENIMRLSSLHKDRPVEPLDLAVFWVEFVMRHKGAPHLRPAAHDLTWYQYHSLDVIGFLLAVVLTVAFITFKCCAYGYRKCLGKKGRVKKAHKSKTH
Q5DSZ6,MARTGWTSPIPLCVSLLLTCGFAEAGKLLVVPMDGSHWFTMQSVVEKLILRGHEVVVVMPEVSWQLGKSLNCTVKTYSTSYTLEDLDREFMDFADAQWKAQVRSLFSLFLSSSNGFFNLFFSHCRSLFNDRKLVEYLKESSFDAVFLDPFDACGLIVAKYFSLPSVVFARGIACHYLEEGAQCPAPLSYVPRILLGFSDAMTFKERVRNHIMHLEEHLFCQYFSKNALEIASEILQTPVTAYDLYSHTSIWLLRTDFVLDYPKPVMPNMIFIGGINCHQGKPLPMEFEAYINASGEHGIVVFSLGSMVSEIPEKKAMAIADALGKIPQTVLWRYTGTRPSNLANNTILVKWLPQNDLLGHPMTRAFITHAGSHGVYESICNGVPMVMMPLFGDQMDNAKRMETKGAGVTLNVLEMTSEDLENALKAVINDKSYKENIMRLSSLHKDRPVEPLDLAVFWVEFVMRHKGAPHLRPAAHDLTWYQYHSLDVIGFLLAVVLTVAFITFKCCAYGYRKCLGKKGRVKKAHKSKTH
Q9HAW9,MARTGWTSPIPLCVSLLLTCGFAEAGKLLVVPMDGSHWFTMQSVVEKLILRGHEVVVVMPEVSWQLGKSLNCTVKTYSTSYTLEDLDREFMDFADAQWKAQVRSLFSLFLSSSNGFFNLFFSHCRSLFNDRKLVEYLKESSFDAVFLDPFDACGLIVAKYFSLPSVVFARGIACHYLEEGAQCPAPLSYVPRILLGFSDAMTFKERVRNHIMHLEEHLFCQYFSKNALEIASEILQTPVTAYDLYSHTSIWLLRTDFVLDYPKPVMPNMIFIGGINCHQGKPLPMEFEAYINASGEHGIVVFSLGSMVSEIPEKKAMAIADALGKIPQTVLWRYTGTRPSNLANNTILVKWLPQNDLLGHPMTRAFITHAGSHGVYESICNGVPMVMMPLFGDQMDNAKRMETKGAGVTLNVLEMTSEDLENALKAVINDKSYKENIMRLSSLHKDRPVEPLDLAVFWVEFVMRHKGAPHLRPAAHDLTWYQYHSLDVIGFLLAVVLTVAFITFKCCAYGYRKCLGKKGRVKKAHKSKTH
P35504,MATGLQVPLPQLATGLLLLLSVQPWAESGKVLVVPTDGSHWLSMREALRDLHARGHQVVVLTLEVNMYIKEENFFTLTTYAISWTQDEFDRLLLGHTQSFFETEHLLMKFSRRMAIMNNMSLIIHRSCVELLHNEALIRHLHATSFDVVLTDPFHLCAAVLAKYLSIPAVFFLRNIPCDLDFKGTQCPNPSSYIPRLLTTNSDHMTFLQRVKNMLYPLALSYLCHAVSAPYASLASELFQREVSVVDLVSHASVWLFRGDFVMDYPRPIMPNMVFIGGINCANGKPLSQEFEAYINASGEHGIVVFSLGSMVSEIPEKKAMAIADALGKIPQTVLWRYTGTRPSNLANNTILVKWLPQNDLLGHPMTRAFITHAGSHGVYESICNGVPMVMMPLFGDQMDNAKRMETKGAGVTLNVLEMTSEDLENALKAVINDKSYKENIMRLSSLHKDRPVEPLDLAVFWVEFVMRHKGAPHLRPAAHDLTWYQYHSLDVIGFLLAVVLTVAFITFKCCAYGYRKCLGKKGRVKKAHKSKTH
Q5DSZ9,MATGLQVPLPQLATGLLLLLSVQPWAESGKVLVVPTDGSHWLSMREALRDLHARGHQVVVLTLEVNMYIKEENFFTLTTYAISWTQDEFDRLLLGHTQSFFETEHLLMKFSRRMAIMNNMSLIIHRSCVELLHNEALIRHLHATSFDVVLTDPFHLCAAVLAKYLSIPAVFFLRNIPCDLDFKGTQCPNPSSYIPRLLTTNSDHMTFLQRVKNMLYPLALSYLCHAVSAPYASLASELFQREVSVVDLVSHASVWLFRGDFVMDYPRPIMPNMVFIGGINCANGKPLSQEFEAYINASGEHGIVVFSLGSMVSEIPEKKAMAIADALGKIPQTVLWRYTGTRPSNLANNTILVKWLPQNDLLGHPMTRAFITHAGSHGVYESICNGVPMVMMPLFGDQMDNAKRMETKGAGVTLNVLEMTSEDLENALKAVINDKSYKENIMRLSSLHKDRPVEPLDLAVFWVEFVMRHKGAPHLRPAAHDLTWYQYHSLDVIGFLLAVVLTVAFITFKCCAYGYRKCLGKKGRVKKAHKSKTH
B7ZW53,
P54855,MSLKWTSVFLLIQLSCYFSSGSCGKVLVWPTEYSHWINMKTILEELVQRGHEVTVLTSSASTLVNASKSSAIKLEVYPTSLTKNYLEDSLLKILDRWIYGVSKNTFWSYFSQLQELCWEYYDYSNKLCKDAVLNKKLMMKLQESKFDVILADALNPCGELLAELFNIPFLYSLRFSVGYTFEKNGGGFLFPPSYVPVVMSELSDQMIFMERIKNMIHMLYFDFWFQIYDLKKWDQFYSEVLGRPTTLFETMGKAEMWLIRTYWDFEFPRPFLPNVDFVGGLHCKPAKPLPKEMEEFVQSSGENGIVVFSLGSMISNMSEESANMIASALAQIPQKVLWRFDGKKPNTLGSNTRLYKWLPQNDLLGHPKTKAFITHGGTNGIYEAIYHGIPMVGIPLFADQHDNIAHMKAKGAALSVDIRTMSSRDLLNALKSVINDPVYKENVMKLSRIHHDQPMKPLDRAVFWIEFVMRHKGAKHLRVAAHNLTWIQYHSLDVIAFLLACVATVIFIITKFCLFCFRKLAKKGKKKKRD
Q5DSZ7,MARAGWTGLLPLYVCLLLTCGFAKAGKLLVVPMDGSHWFTMQSVVEKLILRGHEVVVVMPEVSWQLGRSLNCTVKTYSTSYTLEDQDREFMVFADARWTAPLRSAFSLLTSSSNGIFDLFFSNCRSLFNDRKLVEYLKESCFDAVFLDPFDACGLIVAKYFSLPSVVFARGIFCHYLEEGAQCPAPLSYVPRLLLGFSDAMTFKERVWNHIMHLEEHLFCPYFFKNVLEIASEILQTPVTAYDLYSHTSIWLLRTDFVLEYPKPVMPNMIFIGGINCHQGKPVPMEFEAYINASGEHGIVVFSLGSMVSEIPEKKAMAIADALGKIPQTVLWRYTGTRPSNLANNTILVKWLPQNDLLGHPMTRAFITHAGSHGVYESICNGVPMVMMPLFGDQMDNAKRMETKGAGVTLNVLEMTSEDLENALKAVINDKSYKENIMRLSSLHKDRPVEPLDLAVFWVEFVMRHKGAPHLRPAAHDLTWYQYHSLDVIGFLLAVVLTVAFITFKCCAYGYRKCLGKKGRVKKAHKSKTH
Q9HAW7,MARAGWTGLLPLYVCLLLTCGFAKAGKLLVVPMDGSHWFTMQSVVEKLILRGHEVVVVMPEVSWQLGRSLNCTVKTYSTSYTLEDQDREFMVFADARWTAPLRSAFSLLTSSSNGIFDLFFSNCRSLFNDRKLVEYLKESCFDAVFLDPFDACGLIVAKYFSLPSVVFARGIFCHYLEEGAQCPAPLSYVPRLLLGFSDAMTFKERVWNHIMHLEEHLFCPYFFKNVLEIASEILQTPVTAYDLYSHTSIWLLRTDFVLEYPKPVMPNMIFIGGINCHQGKPVPMEFEAYINASGEHGIVVFSLGSMVSEIPEKKAMAIADALGKIPQTVLWRYTGTRPSNLANNTILVKWLPQNDLLGHPMTRAFITHAGSHGVYESICNGVPMVMMPLFGDQMDNAKRMETKGAGVTLNVLEMTSEDLENALKAVINDKSYKENIMRLSSLHKDRPVEPLDLAVFWVEFVMRHKGAPHLRPAAHDLTWYQYHSLDVIGFLLAVVLTVAFITFKCCAYGYRKCLGKKGRVKKAHKSKTH
P06133,MSMKWTSALLLIQLSCYFSSGSCGKVLVWPTEFSHWMNIKTILDELVQRGHEVTVLASSASISFDPNSPSTLKFEVYPVSLTKTEFEDIIKQLVKRWAELPKDTFWSYFSQVQEIMWTFNDILRKFCKDIVSNKKLMKKLQESRFDVVLADAVFPFGELLAELLKIPFVYSLRFSPGYAIEKHSGGLLFPPSYVPVVMSELSDQMTFIERVKNMIYVLYFEFWFQIFDMKKWDQFYSEVLGRPTTLSETMAKADIWLIRNYWDFQFPHPLLPNVEFVGGLHCKPAKPLPKEMEEFVQSSGENGVVVFSLGSMVSNTSEERANVIASALAKIPQKVLWRFDGNKPDTLGLNTRLYKWIPQNDLLGHPKTRAFITHGGANGIYEAIYHGIPMVGVPLFADQPDNIAHMKAKGAAVSLDFHTMSSTDLLNALKTVINDPLYKENAMKLSRIHHDQPVKPLDRAVFWIEFVMRHKGAKHLRVAAHDLTWFQYHSLDVTGFLLACVATVIFIITKCLFCVWKFVRTGKKGKRD
P08236,MARGSAVAWAALGPLLWGCALGLQGGMLYPQESPSRECKELDGLWSFRADFSDNRRRGFEEQWYRRPLWESGPTVDMPVPSSFNDISQDWRLRHFVGWVWYEREVILPERWTQDLRTRVVLRIGSAHSYAIVWVNGVDTLEHEGGYLPFEADISNLVQVGPLPSRLRITIAINNTLTPTTLPPGTIQYLTDTSKYPKGYFVQNTYFDFFNYAGLQRSVLLYTTPTTYIDDITVTTSVEQDSGLVNYQISVKGSNLFKLEVRLLDAENKVVANGTGTQGQLKVPGVSLWWPYLMHERPAYLYSLEVQLTAQTSLGPVSDFYTLPVGIRTVAVTKSQFLINGKPFYFHGVNKHEDADIRGKGFDWPLLVKDFNLLRWLGANAFRTSHYPYAEEVMQMCDRYGIVVIDECPGVGLALPQFFNNVSLHHHMQVMEEVVRRDKNHPAVVMWSVANEPASHLESAGYYLKMVIAHTKSLDPSRPVTFVSNSNYAADKGAPYVDVICLNSYYSWYHDYGHLELIQLQLATQFENWYKKYQKPIIQSEYGAETIAGFHQDPPLMFTEEYQKSLLEQYHLGLDQKRRKYVVGELIWNFADFMTEQSPTRVLGNKKGIFTRQRQPKSAAFLLRERYWKIANETRYPHSVAKSQCLENSLFT
P08684,MALIPDLAMETWLLLAVSLVLLYLYGTHSHGLFKKLGIPGPTPLPFLGNILSYHKGFCMFDMECHKKYGKVWGFYDGQQPVLAITDPDMIKTVLVKECYSVFTNRRPFGPVGFMKSAISIAEDEEWKRLRSLLSPTFTSGKLKEMVPIIAQYGDVLVRNLRREAETGKPVTLKDVFGAYSMDVITSTSFGVNIDSLNNPQDPFVENTKKLLRFDFLDPFFLSITVFPFLIPILEVLNICVFPREVTNFLRKSVKRMKESRLEDTQKHRVDFLQLMIDSQNSKETESHKALSDLELVAQSIIFIFAGYETTSSVLSFIMYELATHPDVQQKLQEEIDAVLPNKAPPTYDTVLQMEYLDMVVNETLRLFPIAMRLERVCKKDVEINGMFIPKGVVVMIPSYALHRDPKYWTEPEKFLPERFSKKNKDNIDPYIYTPFGSGPRNCIGMRFALMNMKLALIRVLQNFSFKPCKETQIPLKLSLGGLLQPEKPVVLKVESRDGTVSGA
Q6GRK0,MALIPDLAMETWLLLAVSLVLLYLYGTHSHGLFKKLGIPGPTPLPFLGNILSYHKGFCMFDMECHKKYGKVWGFYDGQQPVLAITDPDMIKTVLVKECYSVFTNRRPFGPVGFMKSAISIAEDEEWKRLRSLLSPTFTSGKLKEMVPIIAQYGDVLVRNLRREAETGKPVTLKDVFGAYSMDVITSTSFGVNIDSLNNPQDPFVENTKKLLRFDFLDPFFLSITVFPFLIPILEVLNICVFPREVTNFLRKSVKRMKESRLEDTQKHRVDFLQLMIDSQNSKETESHKALSDLELVAQSIIFIFAGYETTSSVLSFIMYELATHPDVQQKLQEEIDAVLPNKAPPTYDTVLQMEYLDMVVNETLRLFPIAMRLERVCKKDVEINGMFIPKGVVVMIPSYALHRDPKYWTEPEKFLPERFSKKNKDNIDPYIYTPFGSGPRNCIGMRFALMNMKLALIRVLQNFSFKPCKETQIPLKLSLGGLLQPEKPVVLKVESRDGTVSGA
P32320,MAQKRPACTLKPECVQQLLVCSQEAKKSAYCPYSHFPVGAALLTQEGRIFKGCNIENACYPLGICAERTAIQKAVSEGYKDFRAIAIASDMQDDFISPCGACRQVMREFGTNWPVYMTKPDGTYIVMTVQELLPSSFGPEDLQKTQ
B2RBL3,MAALMTPGTGAPPAPGDFSGEGSQGLPDPSPEPKQLPELIRMKRDGGRLSEADIRGFVAAVVNGSAQGAQIGAMLMAIRLRGMDLEETSVLTQALAQSGQQLEWPEAWRQQLVDKHSTGGVGDKVSLVLAPALAACGCKVPVISGRGLGHTGGTLDKLESIPGFNVIQSPEQMQVLLDQAGCCIVGQSEQLVPADGILYAARDVTATVDSLPLITASILSKKLVEGLSALVVDVKFGGAAVFPNQEQARELAKTLVGVGASLGLRVAAALTAMDKPLGRCVGHALEVEEALLCMDGAGPPDLRDLVTTLGGALLWLSGHAGTQAQGAARVAAALDDGSALGRFERMLAAQGVDPGLARALCSGSPAERRQLLPRAREQEELLAPADGTVELVRALPLALVLHELGAGRSRAGEPLRLGVGAELLVDVGQRLRRGTPWLRVHRDGPALSGPQSRALQEALVLSDRAPFAAPSPFAELVLPPQQ
E5KRG5,MAALMTPGTGAPPAPGDFSGEGSQGLPDPSPEPKQLPELIRMKRDGGRLSEADIRGFVAAVVNGSAQGAQIGAMLMAIRLRGMDLEETSVLTQALAQSGQQLEWPEAWRQQLVDKHSTGGVGDKVSLVLAPALAACGCKVPMISGRGLGHTGGTLDKLESIPGFNVIQSPEQMQVLLDQAGCCIVGQSEQLVPADGILYAARDVTATVDSLPLITASILSKKLVEGLSALVVDVKFGGAAVFPNQEQARELAKTLVGVGASLGLRVAAALTAMDKPLGRCVGHALEVEEALLCMDGAGPPDLRDLVTTLGGALLWLSGHAGTQAQGAARVAAALDDGSALGRFERMLAAQGVDPGLARALCSGSPAERRQLLPRAREQEELLAPADGTVELVRALPLALVLHELGAGRSRAGEPLRLGVGAELLVDVGQRLRRGTPWLRVHRDGPALSGPQSRALQEALVLSDRAPFAAPSPFAELVLPPQQ
P19971,MAALMTPGTGAPPAPGDFSGEGSQGLPDPSPEPKQLPELIRMKRDGGRLSEADIRGFVAAVVNGSAQGAQIGAMLMAIRLRGMDLEETSVLTQALAQSGQQLEWPEAWRQQLVDKHSTGGVGDKVSLVLAPALAACGCKVPMISGRGLGHTGGTLDKLESIPGFNVIQSPEQMQVLLDQAGCCIVGQSEQLVPADGILYAARDVTATVDSLPLITASILSKKLVEGLSALVVDVKFGGAAVFPNQEQARELAKTLVGVGASLGLRVAAALTAMDKPLGRCVGHALEVEEALLCMDGAGPPDLRDLVTTLGGALLWLSGHAGTQAQGAARVAAALDDGSALGRFERMLAAQGVDPGLARALCSGSPAERRQLLPRAREQEELLAPADGTVELVRALPLALVLHELGAGRSRAGEPLRLGVGAELLVDVGQRLRRGTPWLRVHRDGPALSGPQSRALQEALVLSDRAPFAAPSPFAELVLPPQQ
Q12882,MAPVLSKDSADIESILALNPRTQTHATLCSTSAKKLDKKHWKRNPDKNCFNCEKLENNFDDIKHTTLGERGALREAMRCLKCADAPCQKSCPTNLDIKSFITSIANKNYYGAAKMIFSDNPLGLTCGMVCPTSDLCVGGCNLYATEEGPINIGGLQQFATEVFKAMSIPQIRNPSLPPPEKMSEAYSAKIALFGAGPASISCASFLARLGYSDITIFEKQEYVGGLSTSEIPQFRLPYDVVNFEIELMKDLGVKIICGKSLSVNEMTLSTLKEKGYKAAFIGIGLPEPNKDAIFQGLTQDQGFYTSKDFLPLVAKGSKAGMCACHSPLPSIRGVVIVLGAGDTAFDCATSALRCGARRVFIVFRKGFVNIRAVPEEMELAKEEKCEFLPFLSPRKVIVKGGRIVAMQFVRTEQDETGKWNEDEDQMVHLKADVVISAFGSVLSDPKVKEALSPIKFNRWGLPEVDPETMQTSEAWVFAGGDVVGLANTTVESVNDGKQASWYIHKYVQSQYGASVSAKPELPLFYTPIDLVDISVEMAGLKFINPFGLASATPATSTSMIRRAFEAGWGFALTKTFSLDKDIVTNVSPRIIRGTTSGPMYGPGQSSFLNIELISEKTAAYWCQSVTELKADFPDNIVIASIMCSYNKNDWTELAKKSEDSGADALELNLSCPHGMGERGMGLACGQDPELVRNICRWVRQAVQIPFFAKLTPNVTDIVSIARAAKEGGANGVTATNTVSGLMGLKSDGTPWPAVGIAKRTTYGGVSGTAIRPIALRAVTSIARALPGFPILATGGIDSAESGLQFLHSGASVLQVCSAIQNQDFTVIEDYCTGLKALLYLKSIEELQDWDGQSPATVSHQKGKPVPRIAELMDKKLPSFGPYLEQRKKIIAENKIRLKEQNVAFSPLKRNCFIPKRPIPTIKDVIGKALQYLGTFGELSNVEQVVAMIDEEMCINCGKCYMTCNDSGYQAIQFDPETHLPTITDTCTGCTLCLSVCPIVDCIKMVSRTTPYEPKRGVPLSVNPVC
Q14117,MAAPSRLLIRGGRVVNDDFSEVADVLVEDGVVRALGHDLLPPGGAPAGLRVLDAAGKLVLPGGIDTHTHMQFPFMGSRSIDDFHQGTKAALSGGTTMIIDFAIPQKGGSLIEAFETWRSWADPKVCCDYSLHVAVTWWSDQVKEEMKILVQDKGVNSFKMFMAYKDLYMVTDLELYEAFSRCKEIGAIAQVHAENGDLIAEGAKKMLALGITGPEGHELCRPEAVEAEATLRAITIASAVNCPLYIVHVMSKSAAKVIADARRDGKVVYGEPIAASLGTDGTHYWNKEWHHAAHHVMGPPLRPDPSTPDFLMNLLANDDLTTTGTDNCTFNTCQKALGKDDFTKIPNGVNGVEDRMSVIWEKGVHSGKMDENRFVAVTSTNAAKIFNLYPRKGRIAVGSDADIVIWDPKGTRTISAKTHHQAVNFNIFEGMVCHGVPLVTISRGKVVYEAGVFSVTAGDGKFIPRKPFAEYIYKRIKQRDRTCTPTPVERAPYKGEVATLKSRVTKEDATAGTRKQAHP
A0A024R1H3,MAGAEWKSLEECLEKHLPLPDLQEVKRVLYGKELRKLDLPREAFEAASREDFELQGYAFEAAEEQLRRPRIVHVGLVQNRIPLPANAPVAEQVSALHRRIKAIVEVAAMCGVNIICFQEAWTMPFAFCTREKLPWTEFAESAEDGPTTRFCQKLAKNHDMVVVSPILERDSEHGDVLWNTAVVISNSGAVLGKTRKNHIPRVGDFNESTYYMEGNLGHPVFQTQFGRIAVNICYGRHHPLNWLMYSINGAEIIFNPSATIGALSESLWPIEARNAAIANHCFTCAINRVGTEHFPNEFTSGDGKKAHQDFGYFYGSSYVAAPDSSRTPGLSRSRDGLLVAKLDLNLCQQVNDVWNFKMTGRYEMYARELAEAVKSNYSPTIVKE
B3KNC1,MLGEAPAAPRLAGSEARSLWQGTQVSALHRRIKAIVEVAAMCGVNIICFQEAWTMPFAFCTREKLPWTEFAESAEDGPTTRFCQKLAKNHDMVVVSPILERDSEHGDVLWNTAVVISNSGAVLGKTRKNHIPRVGDFNESTYYMEGNLGHPVFQTQFGRIAVNICYGRHHPLNWLMYSINGAEIIFNPSATIGALSESLWPIEARNAAIANHCFTCAINRVGTEHFPNEFTSGDGKKAHQDFGYFYGSSYVAAPDSSRTPGLSRSRDGLLVAKLDLNLCQQVNDVWNFKMTGRYEMYARELAEAVKSIYSPTIVKE
Q9UBR1,MAGAEWKSLEECLEKHLPLPDLQEVKRVLYGKELRKLDLPREAFEAASREDFELQGYAFEAAEEQLRRPRIVHVGLVQNRIPLPANAPVAEQVSALHRRIKAIVEVAAMCGVNIICFQEAWTMPFAFCTREKLPWTEFAESAEDGPTTRFCQKLAKNHDMVVVSPILERDSEHGDVLWNTAVVISNSGAVLGKTRKNHIPRVGDFNESTYYMEGNLGHPVFQTQFGRIAVNICYGRHHPLNWLMYSINGAEIIFNPSATIGALSESLWPIEARNAAIANHCFTCAINRVGTEHFPNEFTSGDGKKAHQDFGYFYGSSYVAAPDSSRTPGLSRSRDGLLVAKLDLNLCQQVNDVWNFKMTGRYEMYARELAEAVKSNYSPTIVKE
O95045,MASVIPASNRSMRSDRNTYVGKRFVHVKNPYLDLMDEDILYHLDLGTKTHNLPAMFGDVKFVCVGGSPNRMKAFALFMHKELGFEEAEEDIKDICAGTDRYCMYKTGPVLAISHGMGIPSISIMLHELIKLLHHARCCDVTIIRIGTSGGIGIAPGTVVITDIAVDSFFKPRFEQVILDNIVTRSTELDKELSEELFNCSKEIPNFPTLVGHTMCTYDFYEGQGRLDGALCSFSREKKLDYLKRAFKAGVRNIEMESTVFAAMCGLCGLKAAVVCVTLLDRLDCDQINLPHDVLVEYQQRPQLLISNFIRRRLGLCD
B4DND0,MAATGANAEKAESHNDCPVRLLNPNIAKMKEDILYHFNLTTSRHNFPALFGDVKFVCVGGSPSRMKAFIRCVGAELGLDCPGRDYPNICAGTDRYAMYKVGPVLSVSHGMGIPSISIMLHELIKLLYYARCSNVTIIRIGTSGGIGILKHLRRKDTGKSKGGRERRSTKLR
Q16831,MAATGANAEKAESHNDCPVRLLNPNIAKMKEDILYHFNLTTSRHNFPALFGDVKFVCVGGSPSRMKAFIRCVGAELGLDCPGRDYPNICAGTDRYAMYKVGPVLSVSHGMGIPSISIMLHELIKLLYYARCSNVTIIRIGTSGGIGLEPGTVVITEQAVDTCFKAEFEQIVLGKRVIRKTDLNKKLVQELLLCSAELSEFTTVVGNTMCTLDFYEGQGRLDGALCSYTEKDKQAYLEAAYAAGVRNIEMESSVFAAMCSACGLQAAVVCVTLLNRLEGDQISSPRNVLSEYQQRPQRLVSYFIKKKLSKA
A0A024R8E7,MASAGGEDCESPAPEADRPHQRPFLIGVSGGTASGKSTVCEKIMELLGQNEVEQRQRKVVILSQDRFYKVLTAEQKAKALKGQYNFDHPDAFDNDLMHRTLKNIVEGKTVEVPTYDFVTHSRLPETTVVYPADVVLFEGILVFYSQEIRDMFHLRLFVDTDSDVRLSRRDKEVCRCDHPARSGQYGCHQPDRAAHPGHSEW
Q9HA47,MASAGGEDCESPAPEADRPHQRPFLIGVSGGTASGKSTVCEKIMELLGQNEVEQRQRKVVILSQDRFYKVLTAEQKAKALKGQYNFDHPDAFDNDLMHRTLKNIVEGKTVEVPTYDFVTHSRLPETTVVYPADVVLFEGILVFYSQEIRDMFHLRLFVDTDSDVRLSRRVLRDVRRGRDLEQILTQYTTFVKPAFEEFCLPTKKYADVIIPRGVDNMVAINLIVQHIQDILNGDICKWHRGGSNGRSYKRTFSEPGDHPGMLTSGKRSHLESSSRPH
A0A024R912,MAGDSEQTLQNHQQPNGGEPFLIGVSGGTASGKSSVCAKIVQLLGQNEVDYRQKQVVILSQDSFYRVLTSEQKAKALKGQFNFDHPDAFDNELILKTLKEITEGKTVQIPVYDFVSHSRKEETVTVYPADVVLFEGILAFYSQEVRDLFQMKLFVDTDADTRLSRRVLRDISERGRDLEQILSQYITFVKPAFEEFCLPTKKYADVIIPRGADNLVAINLIVQHIQDILNGGPSKRQTNGCLNGYTPSRKRQASESSSRPH
Q9BZX2,MAGDSEQTLQNHQQPNGGEPFLIGVSGGTASGKSSVCAKIVQLLGQNEVDYRQKQVVILSQDSFYRVLTSEQKAKALKGQFNFDHPDAFDNELILKTLKEITEGKTVQIPVYDFVSHSRKEETVTVYPADVVLFEGILAFYSQEVRDLFQMKLFVDTDADTRLSRRVLRDISERGRDLEQILSQYITFVKPAFEEFCLPTKKYADVIIPRGADNLVAINLIVQHIQDILNGGPSKRQTNGCLNGYTPSRKRQASESSSRPH
Q53HM1,MAAPPARADADPSPTSPPTARDTPGRQAEKSETACEDRSNAESLDRLLPPVGTGRSPRKRTTSQCKSEPPLLRTSKRTIYTAGRPPWYNEHGTQSKEAFAIGLGGGSASGKTTVARMIIEALDVPWVVLLSMDSFYKVLTEQQQEQAAHNNFNFDHPDAFDFDLIIFTLKKLKQGKSVKVPIYDFTTHSRKKDWKTLYGANVIIFEGIMAFADKTLLELLDMKIFVDTDSDIRLVRRLRRDISERGRDIEGVIKQYNKFVKPSFDQYIQPTMRLADIVVPRGSGNTVAIDLIVQHVHSQLEERELSVRAALASAHQCHPLPRTLSVLKSTPQVRGMHTIIRDKETSRDEFIFYSKRLMRLLIEHALSFLPFQDCVVQTPQGQDYAGKCYAGKQITGVSILRAGETMEPALRAVCKDVRIGTILIQTNQLTGEPELHYLRLPKDISDDHVILMDCTVSTGAAAMMAVRVLLDHDVPEDKIFLLSLLMAEMGVHSVAYAFPRVRIITTAVDKRVNDLFRIIPGIGNFGDRYFGTDAVPDGSDEEEVAYTG
Q9NWZ5,MAAPPARADADPSPTSPPTARDTPGRQAEKSETACEDRSNAESLDRLLPPVGTGRSPRKRTTSQCKSEPPLLRTSKRTIYTAGRPPWYNEHGTQSKEAFAIGLGGGSASGKTTVARMIIEALDVPWVVLLSMDSFYKVLTEQQQEQAAHNNFNFDHPDAFDFDLIISTLKKLKQGKSVKVPIYDFTTHSRKKDWKTLYGANVIIFEGIMAFADKTLLELLDMKIFVDTDSDIRLVRRLRRDISERGRDIEGVIKQYNKFVKPSFDQYIQPTMRLADIVVPRGSGNTVAIDLIVQHVHSQLEERELSVRAALASAHQCHPLPRTLSVLKSTPQVRGMHTIIRDKETSRDEFIFYSKRLMRLLIEHALSFLPFQDCVVQTPQGQDYAGKCYAGKQITGVSILRAGETMEPALRAVCKDVRIGTILIQTNQLTGEPELHYLRLPKDISDDHVILMDCTVSTGAAAMMAVRVLLDHDVPEDKIFLLSLLMAEMGVHSVAYAFPRVRIITTAVDKRVNDLFRIIPGIGNFGDRYFGTDAVPDGSDEEEVAYTG
O00142,MLLWPLRGWAARALRCFGPGSRGSPASGPGPRRVQRRAWPPDKEQEKEKKSVICVEGNIASGKTTCLEFFSNATDVEVLTEPVSKWRNVRGHNPLGLMYHDASRWGLTLQTYVQLTMLDRHTRPQVSSVRLMERSIHSARYIFVENLYRSGKMPEVDYVVLSEWFDWILRNMDVSVDLIVYLRTNPETCYQRLKKRCREEEKVIPLEYLEAIHHLHEEWLIKGSLFPMAAPVLVIEADHHMERMLELFEQNRDRILTPENRKHCP
P04183,MSCINLPTVLPGSPSKTRGQIQVILGPMFSGKSTELMRRVRRFQIAQYKCLVIKYAKDTRYSSSFCTHDRNTMEALPACLLRDVAQEALGVAVIGIDEGQFFPDIVEFCEAMANAGKTVIVAALDGTFQRKPFGAILNLVPLAESVVKLTAVCMECFREAAYTKRLGTEKEVEVIGGADKYHSVCRLCYFKKASGQPAGPDNKENCPVPGKPGEAVAARKLFAPQQILQCSPAN
A8K5J1,MAVARAALGPLVTGLYDVQAFKFGDFVLKSGLSSPIYIDLRGIVSRPRLLSQVADILFQTAQNAGISFDTVCGVPYTALPLATVICSTNQIPMLIRRKETKDYGTKRLVEGTINPGETCLIIEDVVTSGSSVLETVEVLQKEGLKVTDAIVLLDREQGGKDKLQAHGIRLHSVCTLSKMLEILEQQKKVDAETVGRVKRFIQENVFVAANHNGSPLSIKEAPKELSFGARAELPRIHPVASKLLRLMQKKETNLCLSADVSLARELLQLADALGPSICMLKTHVDILNDFTLDVMKELITLAKCHEFLIFEDRKFADIGNTVKKQYEGGIFKIASWADLVNAHVVPGSGVVKGLQEVGLPLHRGCLLIAEMSSTGSLATGDYTRAAVRMAEEHSEFVVGFISGSRVSMKPEFLHLTPGVQLEAGGDNLGQQYNSPQEVIGKRGSDIIIVGRGIISAADRLEAAEMYRKAAWEAYLSRLGV
P11172,MAVARAALGPLVTGLYDVQAFKFGDFVLKSGLSSPIYIDLRGIVSRPRLLSQVADILFQTAQNAGISFDTVCGVPYTALPLATVICSTNQIPMLIRRKETKDYGTKRLVEGTINPGETCLIIEDVVTSGSSVLETVEVLQKEGLKVTDAIVLLDREQGGKDKLQAHGIRLHSVCTLSKMLEILEQQKKVDAETVGRVKRFIQENVFVAANHNGSPLSIKEAPKELSFGARAELPRIHPVASKLLRLMQKKETNLCLSADVSLARELLQLADALGPSICMLKTHVDILNDFTLDVMKELITLAKCHEFLIFEDRKFADIGNTVKKQYEGGIFKIASWADLVNAHVVPGSGVVKGLQEVGLPLHRGCLLIAEMSSTGSLATGDYTRAAVRMAEEHSEFVVGFISGSRVSMKPEFLHLTPGVQLEAGGDNLGQQYNSPQEVIGKRGSDIIIVGRGIISAADRLEAAEMYRKAAWEAYLSRLGV
A0N0X8,MLFPISMSATEFLLASVIFCLVFWVIRASRPQVPKGLKNPPGPWGWPLIGHMLTLGKNPHLALSRMSQQYGDVLQIRIGSTPVVVLSGLDTIRQALVRQGDDFKGRPDLYTFTLISNGQSMSFSPDSGPVWAARRRLAQNGLKSFSIASDPASSTSCYLEEHVSKEAEVLISTLQELMAGPGHFNPYRYVVVSVTNVICAICFGRRYDHNHQELLSLVNLNNNFGEVVGSGNPADFIPILRYLPNPSLNAFKDLNEKFYSFMQKMVKEHYKTFEKGHIRDITDSLIEHCQEKQLDENANVQLSDEKIINIVLDLFGAGFDTVTTAISWSLMYLVMNPRVQRKIQEELDTVIGRSRRPRLSDRSHLPYMEAFILETFRHSSFVPFTIPHSTTRDTSLKGFYIPKGRCVFVNQWQINHDQKLWVNPSEFLPERFLTPDGAIDKVLSEKVIIFGMGKRKCIGETIARWEVFLFLAILLQRVEFSVPLGVKVDMTPIYGLTMKHACCEHFQMQLRS
P04798,MLFPISMSATEFLLASVIFCLVFWVIRASRPQVPKGLKNPPGPWGWPLIGHMLTLGKNPHLALSRMSQQYGDVLQIRIGSTPVVVLSGLDTIRQALVRQGDDFKGRPDLYTFTLISNGQSMSFSPDSGPVWAARRRLAQNGLKSFSIASDPASSTSCYLEEHVSKEAEVLISTLQELMAGPGHFNPYRYVVVSVTNVICAICFGRRYDHNHQELLSLVNLNNNFGEVVGSGNPADFIPILRYLPNPSLNAFKDLNEKFYSFMQKMVKEHYKTFEKGHIRDITDSLIEHCQEKQLDENANVQLSDEKIINIVLDLFGAGFDTVTTAISWSLMYLVMNPRVQRKIQEELDTVIGRSRRPRLSDRSHLPYMEAFILETFRHSSFVPFTIPHSTTRDTSLKGFYIPKGRCVFVNQWQINHDQKLWVNPSEFLPERFLTPDGAIDKVLSEKVIIFGMGKRKCIGETIARWEVFLFLAILLQRVEFSVPLGVKVDMTPIYGLTMKHACCEHFQMQLRS
P20815,MDLIPNLAVETWLLLAVSLVLLYLYGTRTHGLFKRLGIPGPTPLPLLGNVLSYRQGLWKFDTECYKKYGKMWGTYEGQLPVLAITDPDVIRTVLVKECYSVFTNRRSLGPVGFMKSAISLAEDEEWKRIRSLLSPTFTSGKLKEMFPIIAQYGDVLVRNLRREAEKGKPVTLKDIFGAYSMDVITGTSFGVNIDSLNNPQDPFVESTKKFLKFGFLDPLFLSIILFPFLTPVFEALNVSLFPKDTINFLSKSVNRMKKSRLNDKQKHRLDFLQLMIDSQNSKETESHKALSDLELAAQSIIFIFAGYETTSSVLSFTLYELATHPDVQQKLQKEIDAVLPNKAPPTYDAVVQMEYLDMVVNETLRLFPVAIRLERTCKKDVEINGVFIPKGSMVVIPTYALHHDPKYWTEPEEFRPERFSKKKDSIDPYIYTPFGTGPRNCIGMRFALMNMKLALIRVLQNFSFKPCKETQIPLKLDTQGLLQPEKPIVLKVDSRDGTLSGE
P24462,MDLIPNLAVETWLLLAVSLILLYLYGTRTHGLFKKLGIPGPTPLPFLGNALSFRKGYWTFDMECYKKYRKVWGIYDCQQPMLAITDPDMIKTVLVKECYSVFTNRRPFGPVGFMKNAISIAEDEEWKRIRSLLSPTFTSGKLKEMVPIIAQYGDVLVRNLRREAETGKPVTLKHVFGAYSMDVITSTSFGVSIDSLNNPQDPFVENTKKLLRFNPLDPFVLSIKVFPFLTPILEALNITVFPRKVISFLTKSVKQIKEGRLKETQKHRVDFLQLMIDSQNSKDSETHKALSDLELMAQSIIFIFAGYETTSSVLSFIIYELATHPDVQQKVQKEIDTVLPNKAPPTYDTVLQLEYLDMVVNETLRLFPVAMRLERVCKKDVEINGMFIPKGVVVMIPSYVLHHDPKYWREPEKFLPERFSKKNKDNIDPYIYTPFGSGPRNCIGMRFALVNMKLALVRVLQNFSFKPCKETQIPLKLRFGGLLLTEKPIVLKAESRDETVSGA
Q9HB55,MDLIPNFAMETWVLVATSLVLLYIYGTHSHKLFKKLGIPGPTPLPFLGTILFYLRGLWNFDRECNEKYGEMWGLYEGQQPMLVIMDPDMIKTVLVKECYSVFTNQMPLGPMGFLKSALSFAEDEEWKRIRTLLSPAFTSVKFKEMVPIISQCGDMLVRSLRQEAENSKSINLKDFFGAYTMDVITGTLFGVNLDSLNNPQDPFLKNMKKLLKLDFLDPFLLLISLFPFLTPVFEALNIGLFPKDVTHFLKNSIERMKESRLKDKQKHRVDFFQQMIDSQNSKETKSHKALSDLELVAQSIIIIFAAYDTTSTTLPFIMYELATHPDVQQKLQEEIDAVLPNKAPVTYDALVQMEYLDMVVNETLRLFPVVSRVTRVCKKDIEINGVFIPKGLAVMVPIYALHHDPKYWTEPEKFCPERFSKKNKDSIDLYRYIPFGAGPRNCIGMRFALTNIKLAVIRALQNFSFKPCKETQIPLKLDNLPILQPEKPIVLKVHLRDGITSGP
P35354,MLARALLLCAVLALSHTANPCCSHPCQNRGVCMSVGFDQYKCDCTRTGFYGENCSTPEFLTRIKLFLKPTPNTVHYILTHFKGFWNVVNNIPFLRNAIMSYVLTSRSHLIDSPPTYNADYGYKSWEAFSNLSYYTRALPPVPDDCPTPLGVKGKKQLPDSNEIVEKLLLRRKFIPDPQGSNMMFAFFAQHFTHQFFKTDHKRGPAFTNGLGHGVDLNHIYGETLARQRKLRLFKDGKMKYQIIDGEMYPPTVKDTQAEMIYPPQVPEHLRFAVGQEVFGLVPGLMMYATIWLREHNRVCDVLKQEHPEWGDEQLFQTSRLILIGETIKIVIEDYVQHLSGYHFKLKFDPELLFNKQFQYQNRIAAEFNTLYHWHPLLPDTFQIHDQKYNYQQFIYNNSILLEHGITQFVESFTRQIAGRVAGGRNVPPAVQKVSQASIDQSRQMKYQSFNEYRKRFMLKPYESFEELTGEKEMSAELEALYGDIDAVELYPALLVEKPRPDAIFGETMVEVGAPFSLKGLMGNVICSPAYWKPSTFGGEVGFQIINTASIQSLICNNVKGCPFTSFSVPDPELIKTVTINASSSRSGLDDINPTVLLKERSTEL
P50226,MELIQDISRPPLEYVKGVPLIKYFAEALGPLQSFQARPDDLLISTYPKSGTTWVSQILDMIYQGGDLEKCHRAPIFMRVPFLEFKVPGIPSGMETLKNTPAPRLLKTHLPLALLPQTLLDQKVKVVYVARNAKDVAVSYYHFYHMAKVYPHPGTWESFLEKFMAGEVSYGSWYQHVQEWWELSRTHPVLYLFYEDMKENPKREIQKILEFVGRSLPEETVDLMVEHTSFKEMKKNPMTNYTTVRREFMDHSISPFMRKGMAGDWKTTFTVAQNERFDADYAKKMAGCSLSFRSEL
P50225,MELIQDTSRPPLEYVKGVPLIKYFAEALGPLQSFQARPDDLLISTYPKSGTTWVSQILDMIYQGGDLEKCHRAPIFMRVPFLEFKAPGIPSGMETLKDTPAPRLLKTHLPLALLPQTLLDQKVKVVYVARNAKDVAVSYYHFYHMAKVHPEPGTWDSFLEKFMVGEVSYGSWYQHVQEWWELSRTHPVLYLFYEDMKENPKREIQKILEFVGRSLPEETVDFVVQHTSFKEMKKNPMTNYTTVPQEFMDHSISPFMRKGMAGDWKTTFTVAQNERFDADYAEKMAGCSLSFRSEL
P0DMM9,MELIQDTSRPPLEYVKGVPLIKYFAEALGPLQSFQARPDDLLINTYPKSGTTWVSQILDMIYQGGDLEKCNRAPIYVRVPFLEVNDPGEPSGLETLKDTPPPRLIKSHLPLALLPQTLLDQKVKVVYVARNPKDVAVSYYHFHRMEKAHPEPGTWDSFLEKFMAGEVSYGSWYQHVQEWWELSRTHPVLYLFYEDMKENPKREIQKILEFVGRSLPEETMDFMVQHTSFKEMKKNPMTNYTTVPQELMDHSISPFMRKGMAGDWKTTFTVAQNERFDADYAEKMAGCSLSFRSEL
P0DMN0,MELIQDTSRPPLEYVKGVPLIKYFAEALGPLQSFQARPDDLLINTYPKSGTTWVSQILDMIYQGGDLEKCNRAPIYVRVPFLEVNDPGEPSGLETLKDTPPPRLIKSHLPLALLPQTLLDQKVKVVYVARNPKDVAVSYYHFHRMEKAHPEPGTWDSFLEKFMAGEVSYGSWYQHVQEWWELSRTHPVLYLFYEDMKENPKREIQKILEFVGRSLPEETMDFMVQHTSFKEMKKNPMTNYTTVPQELMDHSISPFMRKGMAGDWKTTFTVAQNERFDADYAEKMAGCSLSFRSEL
Q1ET61,MELIQDTSRPPLEYVKGVPLIKYFAEALGPLQSFQARPDDLLINTYPKSGTTWVSQILDMIYQGGDLEKCNRAPIYVRVPFLEVNDPGEPSGLETLKDTPPPRLIKSHLPLALLPQTLLDQKVKVVYVARNPKDVAVSYYHFHRMEKAHPEPGTWDSFLEKFMAGEVSYGSWYQHVQEWWELSRTHPVLYLFYEDMKENPKREIQKILEFVGRSLPEETMDFMVQHTSFKEMKKNPMTNYTTVPQELMDHSISPFMRKGMAGDWKTTFTVAQNERFDADYAEKMAGCSLSFRSEL
Q16678,MGTSLSPNDPWPLNPLSIQQTTLLLLLSVLATVHVGQRLLRQRRRQLRSAPPGPFAWPLIGNAAAVGQAAHLSFARLARRYGDVFQIRLGSCPIVVLNGERAIHQALVQQGSAFADRPAFASFRVVSGGRSMAFGHYSEHWKVQRRAAHSMMRNFFTRQPRSRQVLEGHVLSEARELVALLVRGSADGAFLDPRPLTVVAVANVMSAVCFGCRYSHDDPEFRELLSHNEEFGRTVGAGSLVDVMPWLQYFPNPVRTVFREFEQLNRNFSNFILDKFLRHCESLRPGAAPRDMMDAFILSAEKKAAGDSHGGGARLDLENVPATITDIFGASQDTLSTALQWLLLLFTRYPDVQTRVQAELDQVVGRDRLPCMGDQPNLPYVLAFLYEAMRFSSFVPVTIPHATTANTSVLGYHIPKDTVVFVNQWSVNHDPLKWPNPENFDPARFLDKDGLINKDLTSRVMIFSVGKRRCIGEELSKMQLFLFISILAHQCDFRANPNEPAKMNFSYGLTIKPKSFKVNVTLRESMELLDSAVQNLQAKETCQ
Q53TK1,MGTSLSPNDPWPLNPLSIQQTTLLLLLSVLATVHVGQRLLRQRRRQLRSAPPGPFAWPLIGNAAAVGQAAHLSFARLARRYGDVFQIRLGSCPIVVLNGERAIHQALVQQGSAFADRPAFASFRVVSGGRSMAFGHYSEHWKVQRRAAHSMMRNFFTRQPRSRQVLEGHVLSEARELVALLVRGSADGAFLDPRPLTVVAVANVMSAVCFGCRYSHDDPEFRELLSHNEEFGRTVGAGSLVDVMPWLQYFPNPVRTVFREFEQLNRNFSNFILDKFLRHCESLRPGAAPRDMMDAFILSAEKKAAGDSHGGGARLDLENVPATITDIFGASQDTLSTALQWLLLLFTRYPDVQTRVQAELDQVVGRDRLPCMGDQPNLPYVLAFLYEAMRFSSFVPVTIPHATTANTSVLGYHIPKDTVVFVNQWSVNHDPVKWPNPENFDPARFLDKDGLINKDLTSRVMIFSVGKRRCIGEELSKMQLFLFISILAHQCDFRANPNEPAKMNFSYGLTIKPKSFKVNVTLRESMELLDSAVQNLQAKETCQ
P10632,MEPFVVLVLCLSFMLLFSLWRQSCRRRKLPPGPTPLPIIGNMLQIDVKDICKSFTNFSKVYGPVFTVYFGMNPIVVFHGYEAVKEALIDNGEEFSGRGNSPISQRITKGLGIISSNGKRWKEIRRFSLTTLRNFGMGKRSIEDRVQEEAHCLVEELRKTKASPCDPTFILGCAPCNVICSVVFQKRFDYKDQNFLTLMKRFNENFRILNSPWIQVCNNFPLLIDCFPGTHNKVLKNVALTRSYIREKVKEHQASLDVNNPRDFIDCFLIKMEQEKDNQKSEFNIENLVGTVADLFVAGTETTSTTLRYGLLLLLKHPEVTAKVQEEIDHVIGRHRSPCMQDRSHMPYTDAVVHEIQRYSDLVPTGVPHAVTTDTKFRNYLIPKGTTIMALLTSVLHDDKEFPNPNIFDPGHFLDKNGNFKKSDYFMPFSAGKRICAGEGLARMELFLFLTTILQNFNLKSVDDLKNLNTTAVTKGIVSLPPSYQICFIPV
P11712,MDSLVVLVLCLSCLLLLSLWRQSSGRGKLPPGPTPLPVIGNILQIGIKDISKSLTNLSKVYGPVFTLYFGLKPIVVLHGYEAVKEALIDLGEEFSGRGIFPLAERANRGFGIVFSNGKKWKEIRRFSLMTLRNFGMGKRSIEDRVQEEARCLVEELRKTKASPCDPTFILGCAPCNVICSIIFHKRFDYKDQQFLNLMEKLNENIKILSSPWIQICNNFSPIIDYFPGTHNKLLKNVAFMKSYILEKVKEHQESMDMNNPQDFIDCFLMKMEKEKHNQPSEFTIESLENTAVDLFGAGTETTSTTLRYALLLLLKHPEVTAKVQEEIERVIGRNRSPCMQDRSHMPYTDAVVHEVQRYIDLLPTSLPHAVTCDIKFRNYLIPKGTTILISLTSVLHDNKEFPNPEMFDPHHFLDEGGNFKKSKYFMPFSAGKRICVGEALAGMELFLFLTSILQNFNLKSLVDPKNLDTTPVVNGFASVPPFYQLCFIPV
S5RV20,MDSLVVLVLCLSCLLLLSLWRQSSGRGKLPPGPTPLPVIGNILQIGIKDISKSLTNLSKVYGPVFTLYFGLKPIVVLHGYEAVKEALIDLGEEFSGRGIFPLAERANRGFGIVFSNGKKWKEIRRFSLMTLRNFGMGKRSIEDRVQEEARCLVEELRKTKASPCDPTFILGCAPCNVICSIIFHKRFDYKDQQFLNLMEKLNENIKILSSPWIQICNNFSPIIDYFPGTHNKLLKNVAFMKSYILEKVKEHQESMDMNNPQDFIDCFLMKMEKEKHNQPSEFTIESLENTAVDLFGAGTETTSTTLRYALLLLLKHPEVTAKVQEEIERVIGRNRSPCMQDRSHMPYTDAVVHEVQRYIDLLPTSLPHAVTCDIKFRNYLIPKGTTILISLTSVLHDNKEFPNPEMFDPHHFLDEGGNFKKSKYFMPFSAGKRICVGEALAGMELFLFLTSILQNFNLKSLVDPKNLDTTPVVNGFASVPPFYQLCFIPV
P33260,MDPAVALVLCLSCLFLLSLWRQSSGRGRLPSGPTPLPIIGNILQLDVKDMSKSLTNFSKVYGPVFTVYFGLKPIVVLHGYEAVKEALIDHGEEFSGRGSFPVAEKVNKGLGILFSNGKRWKEIRRFCLMTLRNFGMGKRSIEDRVQEEARCLVEELRKTNASPCDPTFILGCAPCNVICSVIFHDRFDYKDQRFLNLMEKFNENLRILSSPWIQVCNNFPALIDYLPGSHNKIAENFAYIKSYVLERIKEHQESLDMNSARDFIDCFLIKMEQEKHNQQSEFTVESLIATVTDMFGAGTETTSTTLRYGLLLLLKYPEVTAKVQEEIECVVGRNRSPCMQDRSHMPYTDAVVHEIQRYIDLLPTNLPHAVTCDVKFKNYLIPKGTTIITSLTSVLHNDKEFPNPEMFDPGHFLDKSGNFKKSDYFMPFSAGKRMCMGEGLARMELFLFLTTILQNFNLKSQVDPKDIDITPIANAFGRVPPLYQLCFIPV
Q7Z348,EIRRFCLMTLRNFGMGKRSIEDRVQEEARCLVEELRKTNASPCDPAFILGCAPCNVICSVIFHDRFDYKDQRFLNLMEKFNENLRILSSPWIQEKHNQQSEFTVESLIATVTDMFGAGTETTSTTLRYGLLLLLKYPEVTAKVQEEIECVVGRNRSPCMQDRSHMPYTDAVVHEIQRYIDLLPTNLPHAVTCDVKFKNYLIPKGTTIITSLTSVLHNDKEFPNPEMFDPGHFLDKSGNFKKSDYFMPFSAGKRMCMGEGLARMELFLFLTTILQNFNLKSQVDPKDIDITPIANAFGRVPPLYQLCFIPV
P33261,MDPFVVLVLCLSCLLLLSIWRQSSGRGKLPPGPTPLPVIGNILQIDIKDVSKSLTNLSKIYGPVFTLYFGLERMVVLHGYEVVKEALIDLGEEFSGRGHFPLAERANRGFGIVFSNGKRWKEIRRFSLMTLRNFGMGKRSIEDRVQEEARCLVEELRKTKASPCDPTFILGCAPCNVICSIIFQKRFDYKDQQFLNLMEKLNENIRIVSTPWIQICNNFPTIIDYFPGTHNKLLKNLAFMESDILEKVKEHQESMDINNPRDFIDCFLIKMEKEKQNQQSEFTIENLVITAADLLGAGTETTSTTLRYALLLLLKHPEVTAKVQEEIERVVGRNRSPCMQDRGHMPYTDAVVHEVQRYIDLIPTSLPHAVTCDVKFRNYLIPKGTTILTSLTSVLHDNKEFPNPEMFDPRHFLDEGGNFKKSNYFMPFSAGKRICVGEGLARMELFLFLTFILQNFNLKSLIDPKDLDTTPVVNGFASVPPFYQLCFIPV
P07099,MWLEILLTSVLGFAIYWFISRDKEETLPLEDGWWGPGTRSAAREDDSIRPFKVETSDEEIHDLHQRIDKFRFTPPLEDSCFHYGFNSNYLKKVISYWRNEFDWKKQVEILNRYPHFKTKIEGLDIHFIHVKPPQLPAGHTPKPLLMVHGWPGSFYEFYKIIPLLTDPKNHGLSDEHVFEVICPSIPGYGFSEASSKKGFNSVATARIFYKLMLRLGFQEFYIQGGDWGSLICTNMAQLVPSHVKGLHLNMALVLSNFSTLTLLLGQRFGRFLGLTERDVELLYPVKEKVFYSLMRESGYMHIQCTKPDTVGSALNDSPVGLAAYILEKFSTWTNTEFRYLEDGGLERKFSLDDLLTNVMLYWTTGTIISSQRFYKENLGQGWMTQKHERMKVYVPTGFSAFPFELLHTPEKWVRFKYPKLISYSYMVRGGHFAAFEEPELLAQDIRKFLSVLERQ
R4SBI6,MWLEILLTSVLGFAIYWFISRDKEETLPLEDGWWGPGTRSAAREDDSIRPFKVETSDEEIHDLHQRIDKFRFTPPLEDSCFHYGFNSNYLKKVISYWRNEFDWKKQVEILNRYPHFKTKIEGLDIHFIHVKPPQLPAGHTPKPLLMVHGWPGSFYEFYKIIPLLTDPKNHGLSDEHVFEVICPSIPGYGFSEASSKKGFNSVATARIFYKLMLRLGFQEFYIQGGDWGSLICTNMAQLVPSHVKGLHLNMALVLSNFSTLTLLLGQRFGRFLGLTERDVELLYPVKEKVFYSLMRESGYMHIQCTKPDTVGSALNDSPVGLAAYILEKFSTWTNTEFRYLEDGGLERKFSLDDLLTNVMLYWTTGTIISSQRFYKENLGQGWMTQKHERMKVYVPTGFSAFPFELLHTPEKWVRFKYPKLISYSYMVRGGHFAAFEEPELLAQDIRKFLSVLERQ
A8K6P0,MAATTANPEMTSDVPSLGPAIASGNSGPGIQGGGAIVQRAIKRRPGLDFDDDGEGNSKFLRCDDDQMSNDKERFARENHSEIERRRRNKMTAYITELSDMVPTCSALARKPDKLTILRMAVSHMKSLRGTGNTSTDGSYKPSFLTDQELKHLILEAADGFLFIVSCETGRVVYVSDSVTPVLNQPQSEWFGSTLYDQVHPDDVDKLREQLSTSENALTGRILDLKTGTVKKEGQQSSMRMCMGSRRSFICRMRCGSSSVDPVSVNRLSFVRNRCRNGLGSVKDGEPHFVVVHCTGYIKAWPPAGVSLPDDDPEAGQGSKFCLVAIGRLQVTSSPNCTDMSNVCQPTEFISRHNIEGIFTFVDHRCVATVGYQPQELLGKNIVEFCHPEDQQLLRDSFQQVVKLKGQVLSVMFRFRSKNQEWLWMRTSSFTFQNPYSDEIEYIICTNTNVKNSSQEPRPTLSNTIQRPQLGPTANLPLEMGSGQLAPGQQQQQTELDMVPGRDGLASYNHSQVVQPVTTTGPEHSKPLEKSDGLFAQDRDPRFSEIYHNINADQSKGISSSTVPATQQLFSQGNTFPPTPRPAENFRNSGLAPPVTIVQPSASAGQMLAQISRHSNPTQGATPTWTPTTRSGFSAQVATQATAKTRTSQFGVGSFQTPSSFSSMSLPGAPTASPGAAAYPSLTNRGSNFAPETGQTAGQFQTRTAEGVGVWPQWQGQQPHHRSSSSEQHVQQPPAQQPGQPEVFQEMLSMLGDQSNSYNNEEFPDLTMFPPFSE
P27540,MAATTANPEMTSDVPSLGPAIASGNSGPGIQGGGAIVQRAIKRRPGLDFDDDGEGNSKFLRCDDDQMSNDKERFARSDDEQSSADKERLARENHSEIERRRRNKMTAYITELSDMVPTCSALARKPDKLTILRMAVSHMKSLRGTGNTSTDGSYKPSFLTDQELKHLILEAADGFLFIVSCETGRVVYVSDSVTPVLNQPQSEWFGSTLYDQVHPDDVDKLREQLSTSENALTGRILDLKTGTVKKEGQQSSMRMCMGSRRSFICRMRCGSSSVDPVSVNRLSFVRNRCRNGLGSVKDGEPHFVVVHCTGYIKAWPPAGVSLPDDDPEAGQGSKFCLVAIGRLQVTSSPNCTDMSNVCQPTEFISRHNIEGIFTFVDHRCVATVGYQPQELLGKNIVEFCHPEDQQLLRDSFQQVVKLKGQVLSVMFRFRSKNQEWLWMRTSSFTFQNPYSDEIEYIICTNTNVKNSSQEPRPTLSNTIQRPQLGPTANLPLEMGSGQLAPRQQQQQTELDMVPGRDGLASYNHSQVVQPVTTTGPEHSKPLEKSDGLFAQDRDPRFSEIYHNINADQSKGISSSTVPATQQLFSQGNTFPPTPRPAENFRNSGLAPPVTIVQPSASAGQMLAQISRHSNPTQGATPTWTPTTRSGFSAQQVATQATAKTRTSQFGVGSFQTPSSFSSMSLPGAPTASPGAAAYPSLTNRGSNFAPETGQTAGQFQTRTAEGVGVWPQWQGQQPHHRSSSSEQHVQQPPAQQPGQPEVFQEMLSMLGDQSNSYNNEEFPDLTMFPPFSE
Q7RTV2,MAEKPKLHYSNARGSMESIRWLLAAAGVELEEKFLESAEDLDKLRNDGSLLFQQVPMVEIDGMKLVQTRAILNYIASKYNLYGKDMKERALIDMYTEGIVDLTEMILLLLICQPEERDAKTALVKEKIKNRYFPAFEKVLKSHRQDYLVGNKLSWADIHLVELFYYVEELDSSLISSFPLLKALKTRISNLPTVKKFLQPGSQRKPPMDEKSLEEARKIFRF
A8K987,MAEKPKLHYSNIRGRMESIRWLLAAAGVEFEEKFIKSAEDLDKLRNDGYLMFQQVPMVEIDGMKLVQTRAILNYIASKYNLYGKDIKEKALIDMYIEGIADLGEMILLLPFTQPEEQDAKLALIQEKTKNRYFPAFEKVLKSHGQDYLVGNKLSRADIHLVELLYYVKELDSSLISSFPLLKALKTRISNLPTVKKFLQPGSPRKPPMDEKSLEESRKIFRF
P09210,MAEKPKLHYSNIRGRMESIRWLLAAAGVEFEEKFIKSAEDLDKLRNDGYLMFQQVPMVEIDGMKLVQTRAILNYIASKYNLYGKDIKEKALIDMYIEGIADLGEMILLLPFSQPEEQDAKLALIQEKTKNRYFPAFEKVLKSHGQDYLVGNKLSRADIHLVELLYYVEELDSSLISSFPLLKALKTRISNLPTVKKFLQPGSPRKPPMDEKSLEESRKIFRF
A0A024RD58,MAARPKLHYPNGRGRMESVRWVLAAAGVEFDEEFLETKEQLYKLQDGNHLLFQQVPMVEIDGMKLVQTRSILHYIADKHNLFGKNLKERTLIDMYVEGTLDLLELLIMHPFLKPDDQQKEVVNMAQKAIIRYFPVFEKILRGHGQSFLVGNQLSLADVILLQTILALEEKIPNILSAFPFLQEYTVKLSNIPTIKRFLEPGSKKKPPPDEIYVRTVYNIFRP
O15217,MAARPKLHYPNGRGRMESVRWVLAAAGVEFDEEFLETKEQLYKLQDGNHLLFQQVPMVEIDGMKLVQTRSILHYIADKHNLFGKNLKERTLIDMYVEGTLDLLELLIMHPFLKPDDQQKEVVNMAQKAIIRYFPVFEKILRGHGQSFLVGNQLSLADVILLQTILALEEKIPNILSAFPFLQEYTVKLSNIPTIKRFLEPGSKKKPPPDEIYVRTVYNIFRP
Q9H4Y5,MSGDATRTLGKGSQPPGPVPEGLIRIYSMRFCPYSHRTRLVLKAKDIRHEVVNINLRNKPEWYYTKHPFGHIPVLETSQCQLIYESVIACEYLDDAYPGRKLFPYDPYERARQKMLLELFCKVPHLTKECLVALRCGRECTNLKAALRQEFSNLEEILEYQNTTFFGGTCISMIDYLLWPWFERLDVYGILDCVSHTPALRLWISAMKWDPTVCALLMDKSIFQGFLNLYFQNNPNAFDFGLC
Q03013,MSMTLGYWDIRGLAHAIRLLLEYTDSSYEEKKYTMGDAPDYDRSQWLNEKFKLGLDFPNLPYLIDGAHKITQSNAILCYIARKHNLCGETEEEKIRVDILENQAMDVSNQLARVCYSPDFEKLKPEYLEELPTMMQHFSQFLGKRPWFVGDKITFVDFLAYDVLDLHRIFEPNCLDAFPNLKDFISRFEGLEKISAYMKSSRFLPKPLYTRVAVWGNK
P0CG29,MGLELFLDLVSQPSRAVYIFAKKNGIPLELRTVDLVKGQHKSKEFLQINSLGKLPTLKDGDFILTESSAILIYLSCKYQTPDHWYPSDLQARARVHEYLGWHADCIRGTFGIPLWVQVLGPLIGVQVPKEKVERNRTAMDQALQWLEDKFLGDRPFLAGQQVTLADLMALEELMQPVALGYELFEGRPRLAAWRGRVEAFLGAELCQEAHSIILSILEQAAKKTLPTPSPEAYQAMLLRIARIP
P30711,MGLELYLDLLSQPCRAVYIFAKKNDIPFELRIVDLIKGQHLSDAFAQVNPLKKVPALKDGDFTLTESVAILLYLTRKYKVPDYWYPQDLQARARVDEYLAWQHTTLRRSCLRALWHKVMFPVFLGEPVSPQTLAATLAELDVTLQLLEDKFLQNKAFLTGPHISLADLVAITELMHPVGAGCQVFEGRPKLATWRQRVEAAVGEDLFQEAHEVILKAKDFPPADPTIKQKLMPWVLAMIR
P21266,MSCESSMVLGYWDIRGLAHAIRLLLEFTDTSYEEKRYTCGEAPDYDRSQWLDVKFKLDLDFPNLPYLLDGKNKITQSNAILRYIARKHNMCGETEEEKIRVDIIENQVMDFRTQLIRLCYSSDHEKLKPQYLEELPGQLKQFSMFLGKFSWFAGEKLTFVDFLTYDILDQNRIFDPKCLDEFPNLKAFMCRFEALEKIAAYLQSDQFCKMPINNKMAQWGNKPVC
Q6FGJ9,MSCESSMVLGYWDIRGLAHAIRLLLEFTDTSYEEKRYTCGEAPDYDRSQWLDVKFKLDLDFPNLPYLLDGKNKITQSNAILRYIARKHNMCGETEEEKIRVDIIENQVMDFRTQLIRLCYSSDHEKLKPQYLEELPGQLKQFSMFLGKFSWFAGEKLTFVDFLTYDILDQNRIFDPKCLDEFPNLKAFMCRFEALEKIAAYLQSDQFCKMPINNKMAQWGNKPVC
A0A024RAX2,MVDLTQVMDDEVFMAFASYATIILSKMMLMSTATAFYRLTRKVFANPEDCVAFGKGENAKKYLRTDDRVERVRRAHLNDLENIIPFLGIGLLYSLSGPDPSTAILHFRLFVGARIYHTIAYLTPLPQPNRALSFFVGYGVTLSMAYRLLKSKLYL
P10620,MVDLTQVMDDEVFMAFASYATIILSKMMLMSTATAFYRLTRKVFANPEDCVAFGKGENAKKYLRTDDRVERVRRAHLNDLENIIPFLGIGLLYSLSGPDPSTAILHFRLFVGARIYHTIAYLTPLPQPNRALSFFVGYGVTLSMAYRLLKSKLYL
A0A024R8Z1,MAVLSKEYGFVLLTGAASFIMVAHLAINVSKARKKYKVEYPIMYSTDPENGHIFNCIQRAHQNTLEVYPPFLFFLAVGGVYHPRIASGLGLAWIVGRVLYAYGYYTGEPSKRSRGALGSIALLGLVGTTVCSAFQHLGWVKSGLGSGPKCCH
O14880,MAVLSKEYGFVLLTGAASFIMVAHLAINVSKARKKYKVEYPIMYSTDPENGHIFNCIQRAHQNTLEVYPPFLFFLAVGGVYHPRIASGLGLAWIVGRVLYAYGYYTGEPSKRSRGALGSIALLGLVGTTVCSAFQHLGWVKSGLGSGPKCCH
P09211,MPPYTVVYFPVRGRCAALRMLLADQGQSWKEEVVTVETWQEGSLKASCLYGQLPKFQDGDLTLYQSNTILRHLGRTLGLYGKDQQEAALVDMVNDGVEDLRCKYISLIYTNYEAGKDDYVKALPGQLKPFETLLSQNQGGKTFIVGDQISFADYNLLDLLLIHEVLAPGCLDAFPLLSAYVGRLSARPKLKAFLASPEYVNLPINGNGKQ
V9HWE9,MPPYTVVYFPVRGRCAALRMLLADQGQSWKEEVVTVETWQEGSLKASCLYGQLPKFQDGDLTLYQSNTILRHLGRTLGLYGKDQQEAALVDMVNDGVEDLRCKYISLIYTNYEAGKDDYVKALPGQLKPFETLLSQNQGGKTFIVGDQISFADYNLLDLLLIHEVLAPGCLDAFPLLSAYVGRLSARPKLKAFLASPEYVNLPINGNGKQ
P09488,MPMILGYWDIRGLAHAIRLLLEYTDSSYEEKKYTMGDAPDYDRSQWLNEKFKLGLDFPNLPYLIDGAHKITQSNAILCYIARKHNLCGETEEEKIRVDILENQTMDNHMQLGMICYNPEFEKLKPKYLEELPEKLKLYSEFLGKRPWFAGNKITFVDFLVYDVLDLHRIFEPKCLDAFPNLKDFISRFEGLEKISAYMKSSRFLPRPVFSKMAVWGNK
X5DR03,MPMILGYWDIRGLAHAIRLLLEYTDSSYEEKKYTMGDAPDYDRSQWLNEKFKLGLDFPNLPYLIDGAHKITQSNAILCYIARKHNLCGETEEEKIRVDILENQTMDNHMQLGMICYNPEFEKLKPKYLEELPEKLKLYSEFLGKRPWFAGNKITFVDFLVYDVLDLHRIFEPKCLDAFPNLKDFISRFEGLEKISAYMKSSRFLPRPVFSKMAVWGNK
P46439,MPMTLGYWDIRGLAHAIRLLLEYTDSSYVEKKYTLGDAPDYDRSQWLNEKFKLGLDFPNLPYLIDGAHKITQSNAILRYIARKHNLCGETEEEKIRVDILENQVMDNHMELVRLCYDPDFEKLKPKYLEELPEKLKLYSEFLGKRPWFAGDKITFVDFLAYDVLDMKRIFEPKCLDAFLNLKDFISRFEGLKKISAYMKSSQFLRGLLFGKSATWNSK
Q5T8R2,MPMTLGYWDIRGLAHAIRLLLEYTDSSYVEKKYTLGDAPDYDRSQWLNEKFKLGLDFPNLPYLIDGAHKITQSNAILRYIARKHNLCGETEEEKIRVDILENQVMDNHMELVRLCYDPDFEKLKPKYLEELPEKLKLYSEFLGKRPWFAGDKITFVDFLAYDVLDMKRIFEPKCLDAFLNLKDFISRFEGLKKISAYMKSSQFLRGLLFGKSATWNSK
Q99735,MAGNSILLAAVSILSACQQSYFALQVGKARLKYKVTPPAVTGSPEFERVFRAQQNCVEFYPIFIITLWMAGWYFNQVFATCLGLVYIYGRHLYFWGYSEAAKKRITGFRLSLGILALLTLLGALGIANSFLDEYLDLNIAKKLRRQF
P08263,MAEKPKLHYFNARGRMESTRWLLAAAGVEFEEKFIKSAEDLDKLRNDGYLMFQQVPMVEIDGMKLVQTRAILNYIASKYNLYGKDIKERALIDMYIEGIADLGEMILLLPVCPPEEKDAKLALIKEKIKNRYFPAFEKVLKSHGQDYLVGNKLSRADIHLVELLYYVEELDSSLISSFPLLKALKTRISNLPTVKKFLQPGSPRKPPMDEKSLEEARKIFRF
P28161,MPMTLGYWNIRGLAHSIRLLLEYTDSSYEEKKYTMGDAPDYDRSQWLNEKFKLGLDFPNLPYLIDGTHKITQSNAILRYIARKHNLCGESEKEQIREDILENQFMDSRMQLAKLCYDPDFEKLKPEYLQALPEMLKLYSQFLGKQPWFLGDKITFVDFIAYDVLERNQVFEPSCLDAFPNLKDFISRFEGLEKISAYMKSSRFLPRPVFTKMAVWGNK
Q0D2I8,MPMTLGYWNIRGLAHSIRLLLEYTDSSYEEKKYTMGDAPDYDRSQWLNEKFKLGLDFPNLPYLIDGTHKITQSNAILRYIARKHNLCGESEKEQIREDILENQFMDSRMQLAKLCYDPDFEKLKPEYLQALPEMLKLYSQFLGKQPWSLGDKITFVDFIAYDVLERNQVFEPSCLDAFPNLKDFISRFEGLEKISAYMKSSRFLPRPVFTKMAVWGNK
Q16772,MAGKPKLHYFNGRGRMEPIRWLLAAAGVEFEEKFIGSAEDLGKLRNDGSLMFQQVPMVEIDGMKLVQTRAILNYIASKYNLYGKDIKERALIDMYTEGMADLNEMILLLPLCRPEEKDAKIALIKEKTKSRYFPAFEKVLQSHGQDYLVGNKLSRADISLVELLYYVEELDSSLISNFPLLKALKTRISNLPTVKKFLQPGSPRKPPADAKALEEARKIFRF
P78417,MSGESARSLGKGSAPPGPVPEGSIRIYSMRFCPFAERTRLVLKAKGIRHEVININLKNKPEWFFKKNPFGLVPVLENSQGQLIYESAITCEYLDEAYPGKKLLPDDPYEKACQKMILELFSKVPSLVGSFIRSQNKEDYAGLKEEFRKEFTKLEEVLTNKKTTFFGGNSISMIDYLIWPWFERLEAMKLNECVDHTPKLKLWMAAMKEDPTVSALLTSEKDWQGFLELYLQNSPEACDYGL
G9J6Q5,MGLELFLDLVSQPSRAVYIFAKKNGIPLELRTVDLVKGQHKSKEFLQINSLGKLPTLKDGDFILTESSAILIYLSCKYQTPDHWYPSDLQARARVHEYLGWHADCIRGTFGIPLWVQVLGPLIGVQVPEEKVERNRTAMDQALQWLEDKFLGDRPFLAGQQVTLADLMALEELMQPVALGYELFEGRPRLAAWRGRVEAFLGAELCQEAHSIILSILEQAAKKTLPTPSPEAYQAMLLRIARIP
P0CG30,MGLELFLDLVSQPSRAVYIFAKKNGIPLELRTVDLVKGQHKSKEFLQINSLGKLPTLKDGDFILTESSAILIYLSCKYQTPDHWYPSDLQARARVHEYLGWHADCIRGTFGIPLWVQVLGPLIGVQVPEEKVERNRTAMDQALQWLEDKFLGDRPFLAGQQVTLADLMALEELMQPVALGYELFEGRPRLAAWRGRVEAFLGAELCQEAHSIILSILEQAAKKTLPTPSPEAYQAMLLRIARIP
Q9Y2Q3,MGPLPRTVELFYDVLSPYSWLGFEILCRYQNIWNINLQLRPSLITGIMKDSGNKPPGLLPRKGLYMANDLKLLRHHLQIPIHFPKDFLSVMLEKGSLSAMRFLTAVNLEHPEMLEKASRELWMRVWSRNEDITEPQSILAAAEKAGMSAEQAQGLLEKIATPKVKNQLKETTEAACRYGAFGLPITVAHVDGQTHMLFGSDRMELLAHLLGEKWMGPIPPAVNARL
A8K015,MSDDFLWFEGIAFPTMGFRSETLRKVRDEFVIRDEDVIILTYPKSGTNWLAEILCLMHSKGDAKWIQSVPIWERSPWVESEIGYTALSETESPRLFSSHLPIQLFPKSFFSSKAKVIYLMRNPRDVLVSGYFFWKNMKFIKKPKSWEEYFEWFCQGTVLYGSWFDHIHGWMPMREEKNFLLLSYEELKQDTGRTIEKICQFLGKTLEPEELNLILKNSSFQSMKENKMSNYSLLSVDYVVDKAQLLRKGVSGDWKNHFTVAQAEDFDKLFQEKMADLPRELFPWE
Q06520,MSDDFLWFEGIAFPTMGFRSETLRKVRDEFVIRDEDVIILTYPKSGTNWLAEILCLMHSKGDAKWIQSVPIWERSPWVESEIGYTALSETESPRLFSSHLPIQLFPKSFFSSKAKVIYLMRNPRDVLVSGYFFWKNMKFIKKPKSWEEYFEWFCQGTVLYGSWFDHIHGWMPMREEKNFLLLSYEELKQDTGRTIEKICQFLGKTLEPEELNLILKNSSFQSMKENKMSNYSLLSVDYVVDKAQLLRKGVSGDWKNHFTVAQAEDFDKLFQEKMADLPRELFPWE
P36544,MRCSPGGVWLALAASLLHVSLQGEFQRKLYKELVKNYNPLERPVANDSQPLTVYFSLSLLQIMDVDEKNQVLTTNIWLQMSWTDHYLQWNVSEYPGVKTVRFPDGQIWKPDILLYNSADERFDATFHTNVLVNSSGHCQYLPPGIFKSSCYIDVRWFPFDVQHCKLKFGSWSYGGWSLDLQMQEADISGYIPNGEWDLVGIPGKRSERFYECCKEPYPDVTFTVTMRRRTLYYGLNLLIPCVLISALALLVFLLPADSGEKISLGITVLLSLTVFMLLVAEIMPATSDSVPLIAQYFASTMIIVGLSVVVTVIVLQYHHHDPDGGKMPKWTRVILLNWCAWFLRMKRPGEDKVRPACQHKQRRCSLASVEMSAVAPPPASNGNLLYIGFRGLDGVHCVPTPDSGVVCGRMACSPTHDEHLLHGGQPPEGDPDLAKILEEVRYIANRFRCQDESEAVCSEWKFAACVVDRLCLMAFSVFTIICTIGILMSAPNFVEAVSKDFA
P16152,MSSGIHVALVTGGNKGIGLAIVRDLCRLFSGDVVLTARDVTRGQAAVQQLQAEGLSPRFHQLDIDDLQSIRALRDFLRKEYGGLDVLVNNAGIAFKVADPTPFHIQAEVTMKTNFFGTRDVCTELLPLIKPQGRVVNVSSIMSVRALKSCSPELQQKFRSETITEEELVGLMNKFVEDTKKGVHQKEGWPSSAYGVTKIGVTVLSRIHARKLSEQRKGDKILLNACCPGWVRTDMAGPKATKSPEEGAETPVYLALLPPDAEGPHGQFVSEKRVEQW
P28845,MAFMKKYLLPILGLFMAYYYYSANEEFRPEMLQGKKVIVTGASKGIGREMAYHLAKMGAHVVVTARSKETLQKVVSHCLELGAASAHYIAGTMEDMTFAEQFVAQAGKLMGGLDMLILNHITNTSLNLFHDDIHHVRKSMEVNFLSYVVLTVAALPMLKQSNGSIVVVSSLAGKVAYPMVAAYSASKFALDGFFSSIRKEYSVSRVNVSITLCVLGLIDTETAMKAVSGIVHMQAAPKEECALEIIKGGALRQEEVYYDSSLWTTLLIRNPCRKILEFLYSTSYNMDRFINK
X5D2L1,MAFMKKYLLPILGLFMAYYYYSANEEFRPEMLQGKKVIVTGASKGIGREMAYHLAKMGAHVVVTARSKETLQKVVSHCLELGAASAHYIAGTMEDMTFAEQFVAQAGKLMGGLDMLILNHITNTSLNLFHDDIHHVRKSMEVNFLSYVVLTVAALPMLKQSNGSIVVVSSLAGKVAYPMVAAYSASKFALDGFFSSIRKEYSVSRVNVSITLCVLGLIDTETAMKAVSGIVHMQAAPKEECALEIIKGGALRQEEVYYDSSLWTTLLIRNPCRKILEFLYSTSYNMDRFINK
Q16696,MLASGLLLVTLLACLTVMVLMSVWRQRKSRGKLPPGPTPLPFIGNYLQLNTEQMYNSLMKISERYGPVFTIHLGPRRVVVLCGHDAVKEALVDQAEEFSGRGEQATFDWLFKGYGVAFSNGERAKQLRRFSIATLRGFGVGKRGIEERIQEEAGFLIDALRGTHGANIDPTFFLSRTVSNVISSIVFGDRFDYEDKEFLSLLRMMLGSFQFTATSTGQLYEMFSSVMKHLPGPQQQAFKELQGLEDFIAKKVEHNQRTLDPNSPRDFIDSFLIRMQEEEKNPNTEFYLKNLVMTTLNLFFAGTETVSTTLRYGFLLLMKHPEVEAKVHEEIDRVIGKNRQPKFEDRAKMPYTEAVIHEIQRFGDMLPMGLAHRVNKDTKFRDFFLPKGTEVFPMLGSVLRDPRFFSNPRDFNPQHFLDKKGQFKKSDAFVPFSIGKRYCFGEGLARMELFLFFTTIMQNFRFKSPQSPKDIDVSPKHVGFATIPRNYTMSFLPR
P05181,MSALGVTVALLVWAAFLLLVSMWRQVHSSWNLPPGPFPLPIIGNLFQLELKNIPKSFTRLAQRFGPVFTLYVGSQRMVVMHGYKAVKEALLDYKDEFSGRGDLPAFHAHRDRGIIFNNGPTWKDIRRFSLTTLRNYGMGKQGNESRIQREAHFLLEALRKTQGQPFDPTFLIGCAPCNVIADILFRKHFDYNDEKFLRLMYLFNENFHLLSTPWLQLYNNFPSFLHYLPGSHRKVIKNVAEVKEYVSERVKEHHQSLDPNCPRDLTDCLLVEMEKEKHSAERLYTMDGITVTVADLFFAGTETTSTTLRYGLLILMKYPEIEEKLHEEIDRVIGPSRIPAIKDRQEMPYMDAVVHEIQRFITLVPSNLPHEATRDTIFRGYLIPKGTVVVPTLDSVLYDNQEFPDPEKFKPEHFLNENGKFKYSDYFKPFSTGKRVCAGEGLARMELFLLLCAILQHFNLKPLVDPKDIDLSPIHIGFGCIPPRYKLCVIPRS
A0A024R5D8,MDPLGDTLRRLREAFHAGRTRPAEFRAAQLQGLGRFLQENKQLLHDALAQDLHKSAFESEVSEVAISQGEVTLALRNLRAWMKDERVPKNLATQLDSAFIRKEPFGLVLIIAPWNYPLNLTLVPLVGALAAGNCVVLKPSEISKNVEKILAEVLPQYVDQSCFAVVLGGPQETGQLLEHRFDYIFFTGSPRVGKIVMTAAAKHLTPVTLELGGKNPCYVDDNCDPQTVANRVAWFRYFNAGQTCVAPDYVLCSPEMQERLLPALQSTITRFYGDDPQSSPNLGRIINQKQFQRLRALLGCGRVAIGGQSDESDRYIAPTVLVDVQEMEPVMQEEIFGPILPIVNVQSLDEAIEFINRREKPLALYAFSNSSQVVKRVLTQTSSGGFCGNDGFMHMTLASLPFGGVGASGMGRYHGKFSFDTFSHHRACLLRSPGMEKLNALRYPPQSPRRLRMLLVAMEAQGCSCTLL
P43353,MDPLGDTLRRLREAFHAGRTRPAEFRAAQLQGLGRFLQENKQLLHDALAQDLHKSAFESEVSEVAISQGEVTLALRNLRAWMKDERVPKNLATQLDSAFIRKEPFGLVLIIAPWNYPLNLTLVPLVGALAAGNCVVLKPSEISKNVEKILAEVLPQYVDQSCFAVVLGGPQETGQLLEHRFDYIFFTGSPRVGKIVMTAAAKHLTPVTLELGGKNPCYVDDNCDPQTVANRVAWFRYFNAGQTCVAPDYVLCSPEMQERLLPALQSTITRFYGDDPQSSPNLGRIINQKQFQRLRALLGCGRVAIGGQSDESDRYIAPTVLVDVQEMEPVMQEEIFGPILPIVNVQSLDEAIEFINRREKPLALYAFSNSSQVVKRVLTQTSSGGFCGNDGFMHMTLASLPFGGVGASGMGRYHGKFSFDTFSHHRACLLRSPGMEKLNALRYPPQSPRRLRMLLVAMEAQGCSCTLL
P48448,MKDEPRSTNLFMKLDSVFIWKEPFGLVLIIAPWNYPLNLTLVLLVGALAAGSCVVLKPSEISQGTEKVLAEVLPQYLDQSCFAVVLGGPQETGQLLEHKLDYIFFTGSPRVGKIVMTAATKHLTPVTLELGGKNPCYVDDNCDPQTVANRVAWFCYFNAGQTCVAPDYVLCSPEMQERLLPALQSTITRFYGDDPQSSPNLGHIINQKQFQRLRALLGCSRVAIGGQSNESDRYIAPTVLVDVQETEPVMQEEIFGPILPIVNVQSVDEAIKFINRQEKPLALYAFSNSSQVVNQMLERTSSGSFGGNEGFTYISLLSVPFGGVGHSGMGRYHGKFTFDTFSHHRTCLLAPSGLEKLKEIHYPPYTDWNQQLLRWGMGSQSCTLL
A0A024RC95,MATANGAVENGQPDRKPPALPRPIRNLEVKFTKIFINNEWHESKSGKKFATCNPSTREQICEVEEGDKPDVDKAVEAAQVAFQRGSPWRRLDALSRGRLLHQLADLVERDRATLAALETMDTGKPFLHAFFIDLEGCIRTLRYFAGWADKIQGKTIPTDDNVVCFTRHEPIGVCGAITPWNFPLLMLVWKLAPALCCGNTMVLKPAEQTPLTALYLGSLIKEAGFPPGVVNIVPGFGPTVGAAISSHPQINKIAFTGSTEVGKLVKEAASRSNLKRVTLELGGKNPCIVCADADLDLAVECAHQGVFFNQGQCCTAASRVFVEEQVYSEFVRRSVEYAKKRPVGDPFDVKTEQGPQIDQKQFDKILELIESGKKEGAKLECGGSAMEDKGLFIKPTVFSEVTDNMRIAKEEIFGPVQPILKFKSIEEVIKRANSTDYGLTAAVFTKNLDKALKLASALESGTVWINCYNALYAQAPFGGFKMSGNGRELGEYALAEYTEVKTVTIKLGDKNP
P47895,MATANGAVENGQPDRKPPALPRPIRNLEVKFTKIFINNEWHESKSGKKFATCNPSTREQICEVEEGDKPDVDKAVEAAQVAFQRGSPWRRLDALSRGRLLHQLADLVERDRATLAALETMDTGKPFLHAFFIDLEGCIRTLRYFAGWADKIQGKTIPTDDNVVCFTRHEPIGVCGAITPWNFPLLMLVWKLAPALCCGNTMVLKPAEQTPLTALYLGSLIKEAGFPPGVVNIVPGFGPTVGAAISSHPQINKIAFTGSTEVGKLVKEAASRSNLKRVTLELGGKNPCIVCADADLDLAVECAHQGVFFNQGQCCTAASRVFVEEQVYSEFVRRSVEYAKKRPVGDPFDVKTEQGPQIDQKQFDKILELIESGKKEGAKLECGGSAMEDKGLFIKPTVFSEVTDNMRIAKEEIFGPVQPILKFKSIEEVIKRANSTDYGLTAAVFTKNLDKALKLASALESGTVWINCYNALYAQAPFGGFKMSGNGRELGEYALAEYTEVKTVTIKLGDKNP
P30838,MSKISEAVKRARAAFSSGRTRPLQFRIQQLEALQRLIQEQEQELVGALAADLHKNEWNAYYEEVVYVLEEIEYMIQKLPEWAADEPVEKTPQTQQDELYIHSEPLGVVLVIGTWNYPFNLTIQPMVGAIAAGNSVVLKPSELSENMASLLATIIPQYLDKDLYPVINGGVPETTELLKERFDHILYTGSTGVGKIIMTAAAKHLTPVTLELGGKSPCYVDKNCDLDVACRRIAWGKFMNSGQTCVAPDYILCDPSIQNQIVEKLKKSLKEFYGEDAKKSRDYGRIISARHFQRVMGLIEGQKVAYGGTGDAATRYIAPTILTDVDPQSPVMQEEIFGPVLPIVCVRSLEEAIQFINQREKPLALYMFSSNDKVIKKMIAETSSGGVAANDVIVHITLHSLPFGGVGNSGMGSYHGKKSFETFSHRRSCLVRPLMNDEGLKVRYPPSPAKMTQH
Q6PKA6,EVQRTPHPTFEYFFFLSRKLPGQELQGLNGREAGSLNTSPLGSCRSRSPSYRERLCQRRHEQDQRGREARPRRLQLGRTRPLQFRIQQLEALQRLIQEQEQELVGALAADLHKNEWNAYYEEVVYVLEEIEYMIQKLPEWAADEPVEKTPQTQQDELYIHSEPLGVVLVIGTWNYPFNLTIQPMVGAIAAGNAVVLKPSELSENMASLLATIIPQYLDKDLYPVINGGVPETTELLKERFDHILYTGSTGVGKIIMTAAAKHLTPVTLELGGKSPCYVDKNCDLDVACRRIAWGKFMNSGQTCVAPDYILCDPSIQNQIVEKLKKSLKEFYGEDAKKSRDYGRIISARHFQRVMGLIEGQKVAYGGTGDAATRYIAPTILTDVDPQSPVMQEEIFGPVLPIVCVRSLEEAIQFINQREKPLALYMFSSNDKVIKKMIAETSSGGVAANDVIVHITLHSLPFGGVGNSGMGSYHGKKSFETFSHRRSCLVRPLMNDEGLKVRYPPSPAKMTQH
P07327,MSTAGKVIKCKAAVLWELKKPFSIEEVEVAPPKAHEVRIKMVAVGICGTDDHVVSGTMVTPLPVILGHEAAGIVESVGEGVTTVKPGDKVIPLAIPQCGKCRICKNPESNYCLKNDVSNPQGTLQDGTSRFTCRRKPIHHFLGISTFSQYTVVDENAVAKIDAASPLEKVCLIGCGFSTGYGSAVNVAKVTPGSTCAVFGLGGVGLSAIMGCKAAGAARIIAVDINKDKFAKAKELGATECINPQDYKKPIQEVLKEMTDGGVDFSFEVIGRLDTMMASLLCCHEACGTSVIVGVPPDSQNLSMNPMLLLTGRTWKGAILGGFKSKECVPKLVADFMAKKFSLDALITHVLPFEKINEGFDLLHSGKSIRTILMF
P00325,MSTAGKVIKCKAAVLWEVKKPFSIEDVEVAPPKAYEVRIKMVAVGICRTDDHVVSGNLVTPLPVILGHEAAGIVESVGEGVTTVKPGDKVIPLFTPQCGKCRVCKNPESNYCLKNDLGNPRGTLQDGTRRFTCRGKPIHHFLGTSTFSQYTVVDENAVAKIDAASPLEKVCLIGCGFSTGYGSAVNVAKVTPGSTCAVFGLGGVGLSAVMGCKAAGAARIIAVDINKDKFAKAKELGATECINPQDYKKPIQEVLKEMTDGGVDFSFEVIGRLDTMMASLLCCHEACGTSVIVGVPPASQNLSINPMLLLTGRTWKGAVYGGFKSKEGIPKLVADFMAKKFSLDALITHVLPFEKINEGFDLLHSGKSIRTVLTF
V9HW50,MSTAGKVIKCKAAVLWEVKKPFSIEDVEVAPPKAYEVRIKMVAVGICHTDDHVVSGNLVTPLPVILGHEAAGIVESVGEGVTTVKPGDKVIPLFTPQCGKCRVCKNPESNYCLKNDLGNPRGTLQDGTRRFTCRGKPIHHFLGTSTFSQYTVVDENAVAKIDAASPLEKVCLIGCGFSTGYGSAVNVAKVTPGSTCAVFGLGGVGLSAVMGCKAAGAARIIAVDINKDKFAKAKELGATECINPQDYKKPIQEVLKEMTDGGVDFSFEVIGRLDTMMASLLCCHEACGTSVIVGVPPASQNLSINPMLLLTGRTWKGAVYGGFKSKEGIPKLVADFMAKKFSLDALITHVLPFEKINEGFDLLHSGKSIRTVLTF
P00326,MSTAGKVIKCKAAVLWELKKPFSIEEVEVAPPKAHEVRIKMVAAGICRSDEHVVSGNLVTPLPVILGHEAAGIVESVGEGVTTVKPGDKVIPLFTPQCGKCRICKNPESNYCLKNDLGNPRGTLQDGTRRFTCSGKPIHHFVGVSTFSQYTVVDENAVAKIDAASPLEKVCLIGCGFSTGYGSAVKVAKVTPGSTCAVFGLGGVGLSVVMGCKAAGAARIIAVDINKDKFAKAKELGATECINPQDYKKPIQEVLKEMTDGGVDFSFEVIGRLDTMMASLLCCHEACGTSVIVGVPPDSQNLSINPMLLLTGRTWKGAIFGGFKSKESVPKLVADFMAKKFSLDALITNILPFEKINEGFDLLRSGKSIRTVLTF
P40394,MFAEIQIQDKDRMGTAGKVIKCKAAVLWEQKQPFSIEEIEVAPPKTKEVRIKILATGICRTDDHVIKGTMVSKFPVIVGHEATGIVESIGEGVTTVKPGDKVIPLFLPQCRECNACRNPDGNLCIRSDITGRGVLADGTTRFTCKGKPVHHFMNTSTFTEYTVVDESSVAKIDDAAPPEKVCLIGCGFSTGYGAAVKTGKVKPGSTCVVFGLGGVGLSVIMGCKSAGASRIIGIDLNKDKFEKAMAVGATECISPKDSTKPISEVLSEMTGNNVGYTFEVIGHLETMIDALASCHMNYGTSVVVGVPPSAKMLTYDPMLLFTGRTWKGCVFGGLKSRDDVPKLVTEFLAKKFDLDQLITHVLPFKKISEGFELLNSGQSIRTVLTF
P08319,MGTKGKVIKCKAAIAWEAGKPLCIEEVEVAPPKAHEVRIQIIATSLCHTDATVIDSKFEGLAFPVIVGHEAAGIVESIGPGVTNVKPGDKVIPLYAPLCRKCKFCLSPLTNLCGKISNLKSPASDQQLMEDKTSRFTCKGKPVYHFFGTSTFSQYTVVSDINLAKIDDDANLERVCLLGCGFSTGYGAAINNAKVTPGSTCAVFGLGGVGLSAVMGCKAAGASRIIGIDINSEKFVKAKALGATDCLNPRDLHKPIQEVIIELTKGGVDFALDCAGGSETMKAALDCTTAGWGSCTFIGVAAGSKGLTIFPEELIIGRTINGTFFGGWKSVDSIPKLVTDYKNKKFNLDALVTHTLPFDKISEAFDLMNQGKSVRTILIF
P28332,MCTTGQVIRCKAAILWKPGAPFSIEEVEVAPPKAKEVRIKVVATGLCGTEMKVLGSKHLDLLYPTILGHEGAGIVESIGEGVSTVKPGDKVITLFLPQCGECTSCLNSEGNFCIQFKQSKTQLMSDGTSRFTCKGKSIYHFGNTSTFCEYTVIKEISVAKIDAVAPLEKVCLISCGFSTGFGAAINTAKVTPGSTCAVFGLGGVGLSVVMGCKAAGAARIIGVDVNKEKFKKAQELGATECLNPQDLKKPIQEVLFDMTDAGIDFCFEAIGNLDVLAAALASCNESYGVCVVVGVLPASVQLKISGQLFFSGRSLKGSVFGGWKSRQHIPKLVADYMAEKLNLDPLITHTLNLDKINEAVELMKTGKW
Q8IUN7,MSTTGQVIRCKAAILWKPGAPFSIEEVEVAPPKAKEVRIKVVATGLCGTEMKVLGSKHLDLLYPTILGHEGAGIVESIGEGVSTVKPGDKVITLFLPQCGECTSCLNSEGNFCIQFKQSKTQLMSDGTSRFTCKGKSIYHFGNTSTFCEYTVIKEISVAKIDAVAPLEKVCLISCGFSTGFGAAINTAKVTPGSTCAVFGLGGVGLSVVMGCKAAGAARIIGVDVNKEKFKKAQELGATECLNPQDLKKPIQEVLFDMTDAGIDFCFEAIGNLDVLAGRADSTSLNWLLIIWQRS
P11766,MANEVIKCKAAVAWEAGKPLSIEEIEVAPPKAHEVRIKIIATAVCHTDAYTLSGADPEGCFPVILGHEGAGIVESVGEGVTKLKAGDTVIPLYIPQCGECKFCLNPKTNLCQKIRVTQGKGLMPDGTSRFTCKGKTILHYMGTSTFSEYTVVADISVAKIDPLAPLDKVCLLGCGISTGYGAAVNTAKLEPGSVCAVFGLGGVGLAVIMGCKVAGASRIIGVDINKDKFARAKEFGATECINPQDFSKPIQEVLIEMTDGGVDYSFECIGNVKVMRAALEACHKGWGVSVVVGVAASGEEIATRPFQLVTGRTWKGTAFGGWKSVESVPKLVSEYMSKKIKVDEFVTHNLSFDEINKAFELMHSGKSIRTVVKI
Q6IRT1,MANEVIKCKAAVAWEAGKPLSIEEIEVAPPKAHEVRIKIIATAVCHTDAYTLSGADPEGCFPVILGHEGAGIVESVGEGVTKLKAGDTVIPLYIPQCGECKFCLNPKTNLCQKIRVTQGKGLMPDGTSRFTCKGKTILHYMGTSTFSEYTVVADISVAKIDPLAPLDKVCLLGCGISTGYGAAVNTAKLEPGSVCAVFGLGGVGLAVIMGCKVAGASRIIGVDINKDKFARAKEFGATECINPQDFSKPIQEVLIEMTDGGVDYSFECIGNVKVMRAALEACHKGWGVSVVVGVAASGEEIATRPFQLVTGRTWKGTAFGGWKSVESVPKLVSEYMSKKIKVDEFVTHNLSFDEINKAFELMHSGKSIRTVVKI
B4DW13,MFLAQRSLCSLSGRAKFLKTISSSKILGFSTSAKMSLKFTNAKRIEGLDSNVWIEFTKLAADPSVVNLGQGFPDISPPTYVKEELSKIAAIDSLNQYTRGFGHPSLVKALSYLYEKLYQKQIDSNKEILVTVGAYGSLFNTIQALIDEGDEVILIVPFYDCYEPMVRMAGATPVFIPLRSKPVYGKRWSSSDWTLDPQELESKFNSKTKAIILNTPHNPLGKVYNREELQVIADLCIKYDTLCISDEVYEWLVYSGNKHLKIATFPGMWERTITIGSAGKTFSVTGWKLGWSIGPNHLIKHLQTVQQNTIYTCATPLQEALAQAFWIDIKRMDDPECYFNSLPKELEVKRDRMVRLLESVGLKPIVPDGGYFIIADVSLLDPDLSDMKNNEPYDYKFVKWMTKHKKLSAIPVSAFCNSETKSQFEKFVRFCFIKKDSTLDAAEEIIKAWSVQKS
Q6YP21,MFLAQRSLCSLSGRAKFLKTISSSKILGFSTSAKMSLKFTNAKRIEGLDSNVWIEFTKLAADPSVVNLGQGFPDISPPTYVKEELSKIAAIDSLNQYTRGFGHPSLVKALSYLYEKLYQKQIDSNKEILVTVGAYGSLFNTIQALIDEGDEVILIVPFYDCYEPMVRMAGATPVFIPLRSKPVYGKRWSSSDWTLDPQELESKFNSKTKAIILNTPHNPLGKVYNREELQVIADLCIKYDTLCISDEVYEWLVYSGNKHLKIATFPGMWERTITIGSAGKTFSVTGWKLGWSIGPNHLIKHLQTVQQNTIYTCATPLQEALAQAFWIDIKRMDDPECYFNSLPKELEVKRDRMVRLLESVGLKPIVPDGGYFIIADVSLLDPDLSDMKNNEPYDYKFVKWMTKHKKLSAIPVSAFCNSETKSQFEKFVRFCFIKKDSTLDAAEEIIKAWSVQKS
A8K563,MAKQLQARRLDGIDYNPWVEFVKLASEHDVVNLGQGFPDFPPPDFAVEAFQHAVSGDFMLNQYTKTFGYPPLTKILASFFGELLGQEIDPLRNVLVTVGGYGALFTAFQALVDEGDEVIIIEPFFDCYEPMTMMAGGRPVFVSLKPGPIQNGELGSSSNWQLDPMELAGKFTSRTKALVLNTPNNPLGKVFSREELELVASLCQQHDVVCITDEVYQWMVYDGHQHISIASLPGMWERTLTIGSAGKTFSATGWKVGWVLGPDHIMKHLRTVHQNSVFHCPTQSQAAVAESFEREQLLFRQPSSYFVQFPQAMQRCRDHMIRSLQSVGLKPIIPQGSYFLITDISDFKRKMPDLPGAVDEPYDRRFVKWMIKNKGLVAIPVSIFYSVPHQKHFDHYIRFCFVKDEATLQAMDEKLRKWKVEL
Q16773,MAKQLQARRLDGIDYNPWVEFVKLASEHDVVNLGQGFPDFPPPDFAVEAFQHAVSGDFMLNQYTKTFGYPPLTKILASFFGELLGQEIDPLRNVLVTVGGYGALFTAFQALVDEGDEVIIIEPFFDCYEPMTMMAGGRPVFVSLKPGPIQNGELGSSSNWQLDPMELAGKFTSRTKALVLNTPNNPLGKVFSREELELVASLCQQHDVVCITDEVYQWMVYDGHQHISIASLPGMWERTLTIGSAGKTFSATGWKVGWVLGPDHIMKHLRTVHQNSVFHCPTQSQAAVAESFEREQLLFRQPSSYFVQFPQAMQRCRDHMIRSLQSVGLKPIIPQGSYFLITDISDFKRKMPDLPGAVDEPYDRRFVKWMIKNKGLVAIPVSIFYSVPHQKHFDHYIRFCFVKDEATLQAMDEKLRKWKVEL
P52895,MDSKYQCVKLNDGHFMPVLGFGTYAPAEVPKSKALEAVKLAIEAGFHHIDSAHVYNNEEQVGLAIRSKIADGSVKREDIFYTSKLWSNSHRPELVRPALERSLKNLQLDYVDLYLIHFPVSVKPGEEVIPKDENGKILFDTVDLCATWEAMEKCKDAGLAKSIGVSNFNHRLLEMILNKPGLKYKPVCNQVECHPYFNQRKLLDFCKSKDIVLVAYSALGSHREEPWVDPNSPVLLEDPVLCALAKKHKRTPALIALRYQLQRGVVVLAKSYNEQRIRQNVQVFEFQLTSEEMKAIDGLNRNVRYLTLDIFAGPPNYPFSDEY
