Q9Y697,MLLRAAWRRAAVAVTAAPGPKPAAPTRGLRLRVGDRAPQSAVPADTAAAPEVGPVLRPLYMDVQATTPLDPRVLDAMLPYLINYYGNPHSRTHAYGWESEAAMERARQQVASLIGADPREIIFTSGATESNNIAIKGVARFYRSRKKHLITTQTEHKCVLDSCRSLEAEGFQVTYLPVQKSGIIDLKELEAAIQPDTSLVSVMTVNNEIGVKQPIAEIGRICSSRKVYFHTDAAQAVGKIPLDVNDMKIDLMSISGHKIYGPKGVGAIYIRRRPRVRVEALQSGGGQERGMRSGTVPTPLVVGLGAACEVAQQEMEYDHKRISKLSERLIQNIMKSLPDVVMNGDPKHHYPGCINLSFAYVEGESLLMALKDVALSSGSACTSASLEPSYVLRAIGTDEDLAHSSIRFGIGRFTTEEEVDYTVEKCIQHVKRLREMSPLWEMVQDGIDLKSIKWTQH
Q9NZB8,MAARPLSRMLRRLLRSSARSCSSGAPVTQPCPGESARAASEEVSRRRQFLREHAAPFSAFLTDSFGRQHSYLRISLTEKCNLRCQYCMPEEGVPLTPKANLLTTEEILTLARLFVKEGIDKIRLTGGEPLIRPDVVDIVAQLQRLEGLRTIGVTTNGINLARLLPQLQKAGLSAINISLDTLVPAKFEFIVRRKGFHKVMEGIHKAIELGYNPVKVNCVVMRGLNEDELLDFAALTEGLPLDVRFIEYMPFDGNKWNFKKMVSYKEMLDTVRQQWPELEKVPEEESSTAKAFKIPGFQGQISFITSMSEHFCGTCNRLRITADGNLKVCLFGNSEVSLRDHLRAGASEQELLRIIGAAVGRKKRQHAGMFSISQMKNRPMILIELFLMFPNSPPANPSIFSWDPLHVQGLRPRMSFSSQVATLWKGCRVPQTPPLAQQRLGSGSFQRHYTSRADSDANSKCLSPGSWASAAPSGPQLTSEQLTHVDSEGRAAMVDVGRKPDTERVAVASAVVLLGPVAFKLVQQNQLKKGDALVVAQLAGVQAAKVTSQLIPLCHHVALSHIQVQLELDSTRHAVKIQASCRARGPTGVEMEALTSAAVAALTLYDMCKAVSRDIVLEEIKLISKTGGQRGDFHRA
Q2VPK5,MCQVGEDYGEPAPEEPPPAPRPSREQKCVKCKEAQPVVVIRAGDAFCRDCFKAFYVHKFRAMLGKNRLIFPGEKVLLAWSGGPSSSSMVWQVLEGLSQDSAKRLRFVAGVIFVDEGAACGQSLEERSKTLAEVKPILQATGFPWHVVALEEVFSLPPSVLWCSAQELVGSEGAYKAAVDSFLQQQHVLGAGGGPGPTQGEEQPPQPPLDPQNLARPPAPAQTEALSQLFCSVRTLTAKEELLQTLRTHLILHMARAHGYSKVMTGDSCTRLAIKLMTNLALGRGAFLAWDTGFSDERHGDVVVVRPMRDHTLKEVAFYNRLFSVPSVFTPAVDTKAPEKASIHRLMEAFILRLQTQFPSTVSTVYRTSEKLVKGPRDGPAAGDSGPRCLLCMCALDVDAADSATAFGAQTSSRLSQMQSPIPLTETRTPPGPCCSPGVGWAQRCGQGACRREDPQACIEEQLCYSCRVNMKDLPSLDPLPPYILAEAQLRTQRAWGLQEIRDCLIEDSDDEAGQS
Q53FP3,MLLRAAWRRAAVAVTAAPGPKPAAPTRGLRLRVGDRAPQSAVPADTAAASEVGPVLRPLYMDVQATTPLDPRVLDAMLPYLINYYGNPHSRTHAYGWESEAAMERARQQVASLIGADPREIIFTSGATESNNIAIKGVARFYRSRKKHLITTQTEHKCVLDSCRSLEAEGFQVTYLPVQKSGIIDLKELEAAIQPDTSLVSVMTVNNEIGVKQPIAEIGRICSSRKVYFHTDAAQAVGKIPLDVNDMKIDLMSISGHKIYGPKGVGAIYIRRRPRVRVEALQSGGGQERGMRSGTVPTPLVVGLGAACEVAQQEMEYDHKRISKLSERLIQNIMKSLPDVVMNGDPKHHYPGCINLSFAYVEGESLLMALKDVALSSGSACTSASLEPSYVLRAIGTDEDLAHSSIRFGIGRFTTEEEVDYTVEKCIQHVKRLREMSPLWEMVQDGIDLKSIKWTQH
A0A024QZS1,MSSLEISSSCFSLETKLPLSPPLVEDSAFEPSRKDMDEVEEKSKDVINFTAEKLSVDEVSQLVISPLCGAISLFVGTTRNNFEGKKVISLEYEAYLPMAENEVRKICSDIRQKWPVKHIAVFHRLGLVPVSEASIIIAVSSAHRAASLEAVSYAIDTLKAKVPIWKKEIYEESSTWKGNKECFWASNS
Q9H3S4,MEHAFTPLEPLLSTGNLKYCLVILNQPLDNYFRHLWNKALLRACADGGANRLYDITEGERESFLPEFINGDFDSIRPEVREYYATKGCELISTPDQDHTDFTKCLKMLQKKIEEKDLKVDVIVTLGGLAGRFDQIMASVNTLFQATHITPFPIIIIQEESLIYLLQPGKHRLHVDTGMEGDWCGLIPVGQPCMQVTTTGLKWNLTNDVLAFGTLVSTSNTYDGSGVVTVETDHPLLWTMAIKS
O95396,MASREEVLALQAEVAQREEELNSLKQKLASALLAEQEPQPERLVPVSPLPPKAALSRDEILRYSRQLVLPELGVHGQLRLGTACVLIVGCGGLGCPLAQYLAAAGVGRLGLVDYDVVEMSNLARQVLHGEALAGQAKAFSAAASLRRLNSAVECVPYTQALTPATALDLVRRYDVVADCSDNVPTRYLVNDACVLAGRPLVSASALRFEGQITVYHYDGGPCYRCIFPQPPPAETVTNCADGGVLGVVTGVLGCLQALEVLKIAAGLGPSYSGSLLLFDALRGHFRSIRLRSRRLDCAACGERPTVTDLLDYEAFCGSSATDKCRSLQLLSPEERVSVTDYKRLLDSGAFHLLLDVRPQVEVDICRLPHALHIPLKHLERRDAESLKLLKEAIWEEKQGTQEGAAVPIYVICKLGNDSQKAVKILQSLSAAQELDPLTVRDVVGGLMAWAAKIDGTFPQY
P25325,MASPQLCRALVSAQWVAEALRAPRAGQPLQLLDASWYLPKLGRDARREFEERHIPGAAFFDIDQCSDRTSPYDHMLPGAEHFAEYAGRLGVGAATHVVIYDASDQGLYSAPRVWWMFRAFGHHAVSLLDGGLRHWLRQNLPLSSGKSQPAPAEFRAQLDPAFIKTYEDIKENLESRRFQVVDSRATGRFRGTEPEPRDGIEPGHIPGTVNIPFTDFLSQEGLEKSPEEIRHLFQEKKVDLSKPLVATCGSGVTACHVALGAYLCGKPDVPIYDGSWVEWYMRARPEDVISEGRGKTH
Q16762,MVHQVLYRALVSTKWLAESIRTGKLGPGLRVLDASWYSPGTREARKEYLERHVPGASFFDIEECRDTASPYEMMLPSEAGFAEYVGRLGISNHTHVVVYDGEHLGSFYAPRVWWMFRVFGHRTVSVLNGGFRNWLKEGHPVTSEPSRPEPAVFKATLDRSLLKTYEQVLENLESKRFQLVDSRSQGRFLGTEPEPDAVGLDSGHIRGAVNMPFMDFLTEDGFEKGPEELRALFQTKKVDLSQPLIATCRKGVTACHVALAAYLCGKPDVAVYDGSWSEWFRRAPPESRVSQGKSEKA
A0A024RD17,MAARPLSRMLRRLLRSSARSCSSGAPVTQPCPGESARAASEEVSRRRQFLREHAAPFSAFLTDSFGRQHSYLRISLTEKCNLRCQYCMPEEGVPLTPKANLLTTEEILTLARLFVKEGIDKIRLTGGEPLIRPDVVDIVAQLQRLEGLRTIGVTTNGINLARLLPQLQKAGLSAINISLDTLVPAKFEFIVRRKGFHKVMEGIHKAIELGYNPVKVNCVVMRGLNEDELLDFAALTEGLPLDVRFIEYMPFDGNKWNFKKMVSYKEMLDTVRQQWPELEKVPEEESSTAKAFKIPGFQGQISFITSMSEHFCGTCNRLRITADGNLKVCLFGNSEVSLRDHLRAGASEQELLRIIGAAVGRKKRQHAGMFSISQMKNRPMILIGG
O96007,MSSLEISSSCFSLETKLPLSPPLVEDSAFEPSRKDMDEVEEKSKDVINFTAEKLSVDEVSQLVISPLCGAISLFVGTTRNNFEGKKVISLEYEAYLPMAENEVRKICSDIRQKWPVKHIAVFHRLGLVPVSEASIIIAVSSAHRAASLEAVSYAIDTLKAKVPIWKKEIYEESSTWKGNKECFWASNS
